0.1,32.742,2.665
0.1,32.742,2.6686
0.1,32.734,2.6531
0.1,32.725,2.6445
0.1,32.717,2.6373
0.1,32.709,2.6303
0.1,32.7,2.6239
0.1,32.692,2.6183
0.1,32.684,2.6129
0.1,32.675,2.6077
0.1,32.667,2.6029
0.1,32.659,2.5984
0.1,32.651,2.5944
0.1,32.642,2.5903
0.1,32.634,2.5865
0.1,32.626,2.5831
0.1,32.617,2.5797
0.1,32.609,2.5768
0.1,32.601,2.5736
0.1,32.592,2.5711
0.1,32.584,2.5684
0.1,32.576,2.5659
0.1,32.567,2.5637
0.1,32.559,2.5612
0.1,32.551,2.5592
0.1,32.542,2.5571
0.1,32.534,2.5551
0.1,32.526,2.5535
0.1,32.517,2.5515
0.1,32.509,2.5499
0.1,32.501,2.5481
0.1,32.492,2.5465
0.1,32.484,2.5449
0.1,32.476,2.5436
0.1,32.467,2.542
0.1,32.459,2.5407
0.1,32.451,2.5393
0.1,32.442,2.5379
0.1,32.434,2.5368
0.1,32.426,2.5355
0.1,32.417,2.5341
0.1,32.409,2.533
0.1,32.401,2.5318
0.1,32.392,2.5305
0.1,32.384,2.5296
0.1,32.376,2.5282
0.1,32.367,2.5273
0.1,32.359,2.5262
0.1,32.351,2.5253
0.1,32.342,2.5244
0.1,32.334,2.5233
0.1,32.326,2.5224
0.1,32.317,2.5212
0.1,32.309,2.5206
0.1,32.301,2.5194
0.1,32.292,2.5188
0.1,32.284,2.5179
0.1,32.276,2.517
0.1,32.267,2.516
0.1,32.259,2.5154
0.1,32.251,2.5145
0.1,32.242,2.5136
0.1,32.234,2.5129
0.1,32.226,2.5122
0.1,32.217,2.5113
0.1,32.209,2.5106
0.1,32.201,2.51
0.1,32.192,2.5093
0.1,32.184,2.5086
0.1,32.176,2.5079
0.1,32.167,2.5072
0.1,32.159,2.5066
0.1,32.151,2.5059
0.1,32.142,2.5052
0.1,32.134,2.5048
0.1,32.126,2.5041
0.1,32.117,2.5034
0.1,32.109,2.503
0.1,32.101,2.5023
0.1,32.092,2.5016
0.1,32.084,2.5012
0.1,32.076,2.5007
0.1,32.067,2.5002
0.1,32.059,2.4996
0.1,32.051,2.4991
0.1,32.042,2.4987
0.1,32.034,2.498
0.1,32.026,2.4975
0.1,32.017,2.4971
0.1,32.009,2.4966
0.1,32.001,2.4962
0.1,31.992,2.4957
0.1,31.984,2.4951
0.1,31.976,2.4946
0.1,31.967,2.4942
0.1,31.959,2.4937
0.1,31.951,2.4933
0.1,31.942,2.4928
0.1,31.934,2.4926
0.1,31.926,2.4921
0.1,31.917,2.4917
0.1,31.909,2.4912
0.1,31.901,2.4908
0.1,31.892,2.4903
0.1,31.884,2.4901
0.1,31.876,2.4896
0.1,31.867,2.4892
0.1,31.859,2.4887
0.1,31.851,2.4883
0.1,31.842,2.4878
0.1,31.834,2.4876
0.1,31.826,2.4872
0.1,31.817,2.4869
0.1,31.809,2.4865
0.1,31.801,2.486
0.1,31.792,2.4858
0.1,31.784,2.4854
0.1,31.776,2.4849
0.1,31.767,2.4847
0.1,31.759,2.4842
0.1,31.751,2.484
0.1,31.742,2.4835
0.1,31.734,2.4833
0.1,31.726,2.4829
0.1,31.717,2.4826
0.1,31.709,2.4824
0.1,31.701,2.4817
0.1,31.692,2.4815
0.1,31.684,2.4813
0.1,31.676,2.4811
0.1,31.667,2.4808
0.1,31.659,2.4804
0.1,31.651,2.4802
0.1,31.642,2.4797
0.1,31.634,2.4795
0.1,31.626,2.479
0.1,31.617,2.4788
0.1,31.609,2.4786
0.1,31.601,2.4781
0.1,31.592,2.4779
0.1,31.584,2.4775
0.1,31.576,2.4775
0.1,31.567,2.477
0.1,31.559,2.4768
0.1,31.551,2.4765
0.1,31.542,2.4761
0.1,31.534,2.4759
0.1,31.526,2.4756
0.1,31.517,2.4754
0.1,31.509,2.4752
0.1,31.501,2.4747
0.1,31.492,2.4745
0.1,31.484,2.4743
0.1,31.476,2.4738
0.1,31.467,2.4736
0.1,31.459,2.4734
0.1,31.451,2.4732
0.1,31.442,2.4729
0.1,31.434,2.4725
0.1,31.426,2.4723
0.1,31.417,2.472
0.1,31.409,2.4718
0.1,31.401,2.4716
0.1,31.392,2.4714
0.1,31.384,2.4711
0.1,31.376,2.4707
0.1,31.367,2.4705
0.1,31.359,2.4705
0.1,31.351,2.4702
0.1,31.342,2.4698
0.1,31.334,2.4696
0.1,31.326,2.4693
0.1,31.317,2.4691
0.1,31.309,2.4686
0.1,31.301,2.4686
0.1,31.293,2.4682
0.1,31.284,2.468
0.1,31.276,2.468
0.1,31.268,2.4675
0.1,31.259,2.4673
0.1,31.251,2.4673
0.1,31.243,2.4668
0.1,31.234,2.4666
0.1,31.226,2.4664
0.1,31.218,2.4662
0.1,31.209,2.4659
0.1,31.201,2.4657
0.1,31.193,2.4655
0.1,31.184,2.4653
0.1,31.176,2.465
0.1,31.168,2.4648
0.1,31.159,2.4648
0.1,31.151,2.4644
0.1,31.143,2.4644
0.1,31.134,2.4639
0.1,31.126,2.4637
0.1,31.118,2.4635
0.1,31.109,2.4632
0.1,31.101,2.463
0.1,31.093,2.463
0.1,31.084,2.4626
0.1,31.076,2.4623
0.1,31.068,2.4621
0.1,31.059,2.4619
0.1,31.051,2.4617
0.1,31.043,2.4617
0.1,31.034,2.4614
0.1,31.026,2.4612
0.1,31.018,2.461
0.1,31.009,2.4607
0.1,31.001,2.4605
0.1,30.993,2.4603
0.1,30.984,2.4601
0.1,30.976,2.4598
0.1,30.968,2.4598
0.1,30.959,2.4594
0.1,30.951,2.4592
0.1,30.943,2.4592
0.1,30.934,2.4589
0.1,30.926,2.4587
0.1,30.918,2.4585
0.1,30.909,2.458
0.1,30.901,2.458
0.1,30.893,2.4578
0.1,30.884,2.4576
0.1,30.876,2.4574
0.1,30.868,2.4571
0.1,30.859,2.4569
0.1,30.851,2.4567
0.1,30.843,2.4567
0.1,30.834,2.4565
0.1,30.826,2.4562
0.1,30.818,2.456
0.1,30.809,2.4558
0.1,30.801,2.4556
0.1,30.793,2.4553
0.1,30.784,2.4553
0.1,30.776,2.4549
0.1,30.768,2.4549
0.1,30.759,2.4547
0.1,30.751,2.4544
0.1,30.743,2.4542
0.1,30.734,2.454
0.1,30.726,2.4538
0.1,30.718,2.4538
0.1,30.709,2.4535
0.1,30.701,2.4533
0.1,30.693,2.4531
0.1,30.684,2.4531
0.1,30.676,2.4528
0.1,30.668,2.4524
0.1,30.659,2.4524
0.1,30.651,2.4522
0.1,30.643,2.4522
0.1,30.634,2.4517
0.1,30.626,2.4515
0.1,30.618,2.4513
0.1,30.609,2.451
0.1,30.601,2.451
0.1,30.593,2.4506
0.1,30.584,2.4506
0.1,30.576,2.4504
0.1,30.568,2.4501
0.1,30.559,2.4501
0.1,30.551,2.4497
0.1,30.543,2.4497
0.1,30.534,2.4495
0.1,30.526,2.4492
0.1,30.518,2.449
0.1,30.509,2.449
0.1,30.501,2.4488
0.1,30.493,2.4486
0.1,30.484,2.4483
0.1,30.476,2.4481
0.1,30.468,2.4479
0.1,30.459,2.4477
0.1,30.451,2.4477
0.1,30.443,2.4474
0.1,30.434,2.4472
0.1,30.426,2.447
0.1,30.418,2.4468
0.1,30.409,2.4465
0.1,30.401,2.4463
0.1,30.393,2.4463
0.1,30.384,2.4461
0.1,30.376,2.4459
0.1,30.368,2.4456
0.1,30.359,2.4454
0.1,30.351,2.4452
0.1,30.343,2.4452
0.1,30.334,2.4449
0.1,30.326,2.4447
0.1,30.318,2.4445
0.1,30.309,2.4443
0.1,30.301,2.4443
0.1,30.293,2.444
0.1,30.284,2.4438
0.1,30.276,2.4436
0.1,30.268,2.4434
0.1,30.259,2.4434
0.1,30.251,2.4429
0.1,30.243,2.4429
0.1,30.234,2.4427
0.1,30.226,2.4425
0.1,30.218,2.4425
0.1,30.209,2.4422
0.1,30.201,2.442
0.1,30.193,2.4418
0.1,30.184,2.4416
0.1,30.176,2.4413
0.1,30.168,2.4411
0.1,30.159,2.4411
0.1,30.151,2.4409
0.1,30.143,2.4407
0.1,30.134,2.4407
0.1,30.126,2.4402
0.1,30.118,2.4402
0.1,30.109,2.44
0.1,30.101,2.4398
0.1,30.093,2.4398
0.1,30.084,2.4393
0.1,30.076,2.4393
0.1,30.068,2.4391
0.1,30.059,2.4389
0.1,30.051,2.4386
0.1,30.043,2.4386
0.1,30.034,2.4384
0.1,30.026,2.4382
0.1,30.018,2.438
0.1,30.009,2.4377
0.1,30.001,2.4377
0.1,29.993,2.4375
0.1,29.984,2.4373
0.1,29.976,2.437
0.1,29.968,2.437
0.1,29.959,2.4368
0.1,29.951,2.4366
0.1,29.943,2.4364
0.1,29.935,2.4361
0.1,29.926,2.4361
0.1,29.918,2.4359
0.1,29.91,2.4357
0.1,29.901,2.4357
0.1,29.893,2.4355
0.1,29.885,2.4352
0.1,29.876,2.435
0.1,29.868,2.4348
0.1,29.86,2.4346
0.1,29.851,2.4343
0.1,29.843,2.4343
0.1,29.835,2.4341
0.1,29.826,2.4339
0.1,29.818,2.4339
0.1,29.81,2.4337
0.1,29.801,2.4334
0.1,29.793,2.4332
0.1,29.785,2.433
0.1,29.776,2.433
0.1,29.768,2.4328
0.1,29.76,2.4325
0.1,29.751,2.4323
0.1,29.743,2.4323
0.1,29.735,2.4321
0.1,29.726,2.4319
0.1,29.718,2.4316
0.1,29.71,2.4314
0.1,29.701,2.4312
0.1,29.693,2.4312
0.1,29.685,2.431
0.1,29.676,2.4307
0.1,29.668,2.4307
0.1,29.66,2.4305
0.1,29.651,2.4301
0.1,29.643,2.4301
0.1,29.635,2.4298
0.1,29.626,2.4298
0.1,29.618,2.4296
0.1,29.61,2.4294
0.1,29.601,2.4291
0.1,29.593,2.4289
0.1,29.585,2.4289
0.1,29.576,2.4287
0.1,29.568,2.4285
0.1,29.56,2.4282
0.1,29.551,2.4282
0.1,29.543,2.428
0.1,29.535,2.4278
0.1,29.526,2.4276
0.1,29.518,2.4273
0.1,29.51,2.4271
0.1,29.501,2.4271
0.1,29.493,2.4271
0.1,29.485,2.4267
0.1,29.476,2.4267
0.1,29.468,2.4264
0.1,29.46,2.4262
0.1,29.451,2.426
0.1,29.443,2.4258
0.1,29.435,2.4258
0.1,29.426,2.4255
0.1,29.418,2.4253
0.1,29.41,2.4251
0.1,29.401,2.4251
0.1,29.393,2.4249
0.1,29.385,2.4246
0.1,29.376,2.4244
0.1,29.368,2.4242
0.1,29.36,2.4242
0.1,29.351,2.424
0.1,29.343,2.4237
0.1,29.335,2.4235
0.1,29.326,2.4233
0.1,29.318,2.4233
0.1,29.31,2.4231
0.1,29.301,2.4228
0.1,29.293,2.4228
0.1,29.285,2.4226
0.1,29.276,2.4224
0.1,29.268,2.4222
0.1,29.26,2.4222
0.1,29.251,2.4219
0.1,29.243,2.4217
0.1,29.235,2.4215
0.1,29.226,2.4215
0.1,29.218,2.4212
0.1,29.21,2.421
0.1,29.201,2.4208
0.1,29.193,2.4208
0.1,29.185,2.4203
0.1,29.176,2.4203
0.1,29.168,2.4201
0.1,29.16,2.4201
0.1,29.151,2.4199
0.1,29.143,2.4197
0.1,29.135,2.4197
0.1,29.126,2.4194
0.1,29.118,2.4192
0.1,29.11,2.419
0.1,29.101,2.419
0.1,29.093,2.4188
0.1,29.085,2.4185
0.1,29.076,2.4181
0.1,29.068,2.4181
0.1,29.06,2.4181
0.1,29.051,2.4179
0.1,29.043,2.4176
0.1,29.035,2.4176
0.1,29.026,2.4174
0.1,29.018,2.4172
0.1,29.01,2.417
0.1,29.001,2.4167
0.1,28.993,2.4165
0.1,28.985,2.4165
0.1,28.976,2.4163
0.1,28.968,2.4161
0.1,28.96,2.4161
0.1,28.951,2.4156
0.1,28.943,2.4156
0.1,28.935,2.4154
0.1,28.926,2.4152
0.1,28.918,2.4152
0.1,28.91,2.4149
0.1,28.901,2.4147
0.1,28.893,2.4145
0.1,28.885,2.4145
0.1,28.876,2.4143
0.1,28.868,2.414
0.1,28.86,2.4138
0.1,28.851,2.4138
0.1,28.843,2.4136
0.1,28.835,2.4133
0.1,28.826,2.4131
0.1,28.818,2.4129
0.1,28.81,2.4129
0.1,28.801,2.4127
0.1,28.793,2.4124
0.1,28.785,2.4124
0.1,28.776,2.4122
0.1,28.768,2.412
0.1,28.76,2.4118
0.1,28.751,2.4115
0.1,28.743,2.4115
0.1,28.735,2.4113
0.1,28.726,2.4111
0.1,28.718,2.4111
0.1,28.71,2.4109
0.1,28.701,2.4106
0.1,28.693,2.4106
0.1,28.685,2.4104
0.1,28.676,2.4102
0.1,28.668,2.41
0.1,28.66,2.4097
0.1,28.651,2.4097
0.1,28.643,2.4095
0.1,28.635,2.4093
0.1,28.626,2.4091
0.1,28.618,2.4088
0.1,28.61,2.4088
0.1,28.601,2.4086
0.1,28.593,2.4084
0.1,28.585,2.4084
0.1,28.577,2.4082
0.1,28.568,2.4079
0.1,28.56,2.4077
0.1,28.552,2.4075
0.1,28.543,2.4075
0.1,28.535,2.4073
0.1,28.527,2.407
0.1,28.518,2.407
0.1,28.51,2.4068
0.1,28.502,2.4066
0.1,28.493,2.4064
0.1,28.485,2.4061
0.1,28.477,2.4061
0.1,28.468,2.4059
0.1,28.46,2.4057
0.1,28.452,2.4054
0.1,28.443,2.4052
0.1,28.435,2.4052
0.1,28.427,2.405
0.1,28.418,2.405
0.1,28.41,2.4048
0.1,28.402,2.4045
0.1,28.393,2.4043
0.1,28.385,2.4041
0.1,28.377,2.4041
0.1,28.368,2.4039
0.1,28.36,2.4036
0.1,28.352,2.4034
0.1,28.343,2.4034
0.1,28.335,2.4032
0.1,28.327,2.403
0.1,28.318,2.4027
0.1,28.31,2.4027
0.1,28.302,2.4025
0.1,28.293,2.4023
0.1,28.285,2.4021
0.1,28.277,2.4021
0.1,28.268,2.4018
0.1,28.26,2.4016
0.1,28.252,2.4014
0.1,28.243,2.4012
0.1,28.235,2.4012
0.1,28.227,2.4009
0.1,28.218,2.4007
0.1,28.21,2.4007
0.1,28.202,2.4005
0.1,28.193,2.4003
0.1,28.185,2.4
0.1,28.177,2.4
0.1,28.168,2.3998
0.1,28.16,2.3996
0.1,28.152,2.3996
0.1,28.143,2.3994
0.1,28.135,2.3991
0.1,28.127,2.3989
0.1,28.118,2.3987
0.1,28.11,2.3985
0.1,28.102,2.3985
0.1,28.093,2.3982
0.1,28.085,2.398
0.1,28.077,2.3978
0.1,28.068,2.3978
0.1,28.06,2.3975
0.1,28.052,2.3973
0.1,28.043,2.3973
0.1,28.035,2.3971
0.1,28.027,2.3969
0.1,28.018,2.3966
0.1,28.01,2.3964
0.1,28.002,2.3964
0.1,27.993,2.3962
0.1,27.985,2.396
0.1,27.977,2.396
0.1,27.968,2.3957
0.1,27.96,2.3955
0.1,27.952,2.3953
0.1,27.943,2.3953
0.1,27.935,2.3951
0.1,27.927,2.3948
0.1,27.918,2.3946
0.1,27.91,2.3946
0.1,27.902,2.3942
0.1,27.893,2.3942
0.1,27.885,2.3939
0.1,27.877,2.3937
0.1,27.868,2.3937
0.1,27.86,2.3935
0.1,27.852,2.3933
0.1,27.843,2.393
0.1,27.835,2.3928
0.1,27.827,2.3928
0.1,27.818,2.3926
0.1,27.81,2.3924
0.1,27.802,2.3921
0.1,27.793,2.3921
0.1,27.785,2.3919
0.1,27.777,2.3917
0.1,27.768,2.3915
0.1,27.76,2.3912
0.1,27.752,2.391
0.1,27.743,2.391
0.1,27.735,2.3908
0.1,27.727,2.3908
0.1,27.718,2.3906
0.1,27.71,2.3903
0.1,27.702,2.3901
0.1,27.693,2.3899
0.1,27.685,2.3896
0.1,27.677,2.3894
0.1,27.668,2.3894
0.1,27.66,2.3892
0.1,27.652,2.389
0.1,27.643,2.389
0.1,27.635,2.3887
0.1,27.627,2.3887
0.1,27.618,2.3885
0.1,27.61,2.3881
0.1,27.602,2.3881
0.1,27.593,2.3878
0.1,27.585,2.3876
0.1,27.577,2.3874
0.1,27.568,2.3874
0.1,27.56,2.3872
0.1,27.552,2.3869
0.1,27.543,2.3869
0.1,27.535,2.3867
0.1,27.527,2.3865
0.1,27.518,2.3863
0.1,27.51,2.386
0.1,27.502,2.3858
0.1,27.493,2.3858
0.1,27.485,2.3856
0.1,27.477,2.3854
0.1,27.468,2.3854
0.1,27.46,2.3851
0.1,27.452,2.3849
0.1,27.443,2.3847
0.1,27.435,2.3847
0.1,27.427,2.3845
0.1,27.418,2.3842
0.1,27.41,2.384
0.1,27.402,2.3838
0.1,27.393,2.3838
0.1,27.385,2.3836
0.1,27.377,2.3833
0.1,27.368,2.3831
0.1,27.36,2.3831
0.1,27.352,2.3829
0.1,27.343,2.3827
0.1,27.335,2.3824
0.1,27.327,2.3824
0.1,27.318,2.382
0.1,27.31,2.382
0.1,27.302,2.3817
0.1,27.293,2.3817
0.1,27.285,2.3813
0.1,27.277,2.3813
0.1,27.268,2.3811
0.1,27.26,2.3808
0.1,27.252,2.3808
0.1,27.243,2.3806
0.1,27.235,2.3804
0.1,27.227,2.3802
0.1,27.219,2.3799
0.1,27.21,2.3797
0.1,27.202,2.3797
0.1,27.194,2.3795
0.1,27.185,2.3793
0.1,27.177,2.379
0.1,27.169,2.379
0.1,27.16,2.3788
0.1,27.152,2.3786
0.1,27.144,2.3784
0.1,27.135,2.3781
0.1,27.127,2.3781
0.1,27.119,2.3779
0.1,27.11,2.3777
0.1,27.102,2.3777
0.1,27.094,2.3772
0.1,27.085,2.3772
0.1,27.077,2.377
0.1,27.069,2.3768
0.1,27.06,2.3766
0.1,27.052,2.3766
0.1,27.044,2.3763
0.1,27.035,2.3761
0.1,27.027,2.3759
0.1,27.019,2.3757
0.1,27.01,2.3757
0.1,27.002,2.3752
0.1,26.994,2.3752
0.1,26.985,2.375
0.1,26.977,2.3748
0.1,26.969,2.3748
0.1,26.96,2.3745
0.1,26.952,2.3743
0.1,26.944,2.3741
0.1,26.935,2.3741
0.1,26.927,2.3736
0.1,26.919,2.3736
0.1,26.91,2.3734
0.1,26.902,2.3732
0.1,26.894,2.3729
0.1,26.885,2.3727
0.1,26.877,2.3727
0.1,26.869,2.3725
0.1,26.86,2.3723
0.1,26.852,2.372
0.1,26.844,2.372
0.1,26.835,2.3718
0.1,26.827,2.3716
0.1,26.819,2.3714
0.1,26.81,2.3711
0.1,26.802,2.3711
0.1,26.794,2.3709
0.1,26.785,2.3707
0.1,26.777,2.3705
0.1,26.769,2.3702
0.1,26.76,2.37
0.1,26.752,2.37
0.1,26.744,2.3696
0.1,26.735,2.3696
0.1,26.727,2.3693
0.1,26.719,2.3693
0.1,26.71,2.3691
0.1,26.702,2.3689
0.1,26.694,2.3687
0.1,26.685,2.3687
0.1,26.677,2.3684
0.1,26.669,2.3682
0.1,26.66,2.368
0.1,26.652,2.368
0.1,26.644,2.3678
0.1,26.635,2.3675
0.1,26.627,2.3673
0.1,26.619,2.3671
0.1,26.61,2.3671
0.1,26.602,2.3669
0.1,26.594,2.3666
0.1,26.585,2.3664
0.1,26.577,2.3662
0.1,26.569,2.3659
0.1,26.56,2.3657
0.1,26.552,2.3657
0.1,26.544,2.3655
0.1,26.535,2.3653
0.1,26.527,2.365
0.1,26.519,2.365
0.1,26.51,2.3648
0.1,26.502,2.3646
0.1,26.494,2.3644
0.1,26.485,2.3641
0.1,26.477,2.3641
0.1,26.469,2.3639
0.1,26.46,2.3635
0.1,26.452,2.3635
0.1,26.444,2.3632
0.1,26.435,2.3632
0.1,26.427,2.363
0.1,26.419,2.3628
0.1,26.41,2.3626
0.1,26.402,2.3623
0.1,26.394,2.3621
0.1,26.385,2.3621
0.1,26.377,2.3619
0.1,26.369,2.3617
0.1,26.36,2.3617
0.1,26.352,2.3612
0.1,26.344,2.3612
0.1,26.335,2.3608
0.1,26.327,2.3608
0.1,26.319,2.3605
0.1,26.31,2.3603
0.1,26.302,2.3603
0.1,26.294,2.3601
0.1,26.285,2.3599
0.1,26.277,2.3596
0.1,26.269,2.3594
0.1,26.26,2.3592
0.1,26.252,2.3592
0.1,26.244,2.359
0.1,26.235,2.3587
0.1,26.227,2.3585
0.1,26.219,2.3583
0.1,26.21,2.358
0.1,26.202,2.358
0.1,26.194,2.3576
0.1,26.185,2.3576
0.1,26.177,2.3574
0.1,26.169,2.3571
0.1,26.16,2.3571
0.1,26.152,2.3569
0.1,26.144,2.3567
0.1,26.135,2.3565
0.1,26.127,2.3562
0.1,26.119,2.356
0.1,26.11,2.3558
0.1,26.102,2.3558
0.1,26.094,2.3556
0.1,26.085,2.3553
0.1,26.077,2.3551
0.1,26.069,2.3551
0.1,26.06,2.3549
0.1,26.052,2.3547
0.1,26.044,2.3544
0.1,26.035,2.3542
0.1,26.027,2.354
0.1,26.019,2.3538
0.1,26.01,2.3538
0.1,26.002,2.3535
0.1,25.994,2.3531
0.1,25.985,2.3531
0.1,25.977,2.3531
0.1,25.969,2.3526
0.1,25.96,2.3526
0.1,25.952,2.3524
0.1,25.944,2.3522
0.1,25.935,2.352
0.1,25.927,2.3517
0.1,25.919,2.3515
0.1,25.91,2.3515
0.1,25.902,2.3513
0.1,25.894,2.3513
0.1,25.886,2.3508
0.1,25.877,2.3506
0.1,25.869,2.3506
0.1,25.861,2.3504
0.1,25.852,2.3501
0.1,25.844,2.3499
0.1,25.836,2.3497
0.1,25.827,2.3495
0.1,25.819,2.3492
0.1,25.811,2.3492
0.1,25.802,2.349
0.1,25.794,2.3488
0.1,25.786,2.3488
0.1,25.777,2.3486
0.1,25.769,2.3483
0.1,25.761,2.3481
0.1,25.752,2.3479
0.1,25.744,2.3477
0.1,25.736,2.3477
0.1,25.727,2.3474
0.1,25.719,2.3472
0.1,25.711,2.347
0.1,25.702,2.347
0.1,25.694,2.3468
0.1,25.686,2.3465
0.1,25.677,2.3463
0.1,25.669,2.3461
0.1,25.661,2.3459
0.1,25.652,2.3456
0.1,25.644,2.3456
0.1,25.636,2.3452
0.1,25.627,2.3452
0.1,25.619,2.345
0.1,25.611,2.3447
0.1,25.602,2.3445
0.1,25.594,2.3443
0.1,25.586,2.3441
0.1,25.577,2.3438
0.1,25.569,2.3438
0.1,25.561,2.3436
0.1,25.552,2.3434
0.1,25.544,2.3432
0.1,25.536,2.3429
0.1,25.527,2.3427
0.1,25.519,2.3427
0.1,25.511,2.3425
0.1,25.502,2.3422
0.1,25.494,2.342
0.1,25.486,2.3418
0.1,25.477,2.3418
0.1,25.469,2.3416
0.1,25.461,2.3413
0.1,25.452,2.3411
0.1,25.444,2.3409
0.1,25.436,2.3407
0.1,25.427,2.3407
0.1,25.419,2.3404
0.1,25.411,2.3402
0.1,25.402,2.34
0.1,25.394,2.3398
0.1,25.386,2.3395
0.1,25.377,2.3395
0.1,25.369,2.3391
0.1,25.361,2.3391
0.1,25.352,2.3389
0.1,25.344,2.3386
0.1,25.336,2.3384
0.1,25.327,2.3382
0.1,25.319,2.338
0.1,25.311,2.338
0.1,25.302,2.3377
0.1,25.294,2.3375
0.1,25.286,2.3373
0.1,25.277,2.3371
0.1,25.269,2.3368
0.1,25.261,2.3366
0.1,25.252,2.3364
0.1,25.244,2.3364
0.1,25.236,2.3364
0.1,25.227,2.3359
0.1,25.219,2.3357
0.1,25.211,2.3355
0.1,25.202,2.3353
0.1,25.194,2.335
0.1,25.186,2.335
0.1,25.177,2.3348
0.1,25.169,2.3346
0.1,25.161,2.3343
0.1,25.152,2.3343
0.1,25.144,2.3341
0.1,25.136,2.3339
0.1,25.127,2.3337
0.1,25.119,2.3334
0.1,25.111,2.3332
0.1,25.102,2.3332
0.1,25.094,2.333
0.1,25.086,2.3328
0.1,25.077,2.3325
0.1,25.069,2.3323
0.1,25.061,2.3321
0.1,25.052,2.3319
0.1,25.044,2.3316
0.1,25.036,2.3316
0.1,25.027,2.3314
0.1,25.019,2.3312
0.1,25.011,2.331
0.1,25.002,2.331
0.1,24.994,2.3307
0.1,24.986,2.3305
0.1,24.977,2.3303
0.1,24.969,2.3301
0.1,24.961,2.3298
0.1,24.952,2.3296
0.1,24.944,2.3296
0.1,24.936,2.3292
0.1,24.927,2.3292
0.1,24.919,2.3289
0.1,24.911,2.3287
0.1,24.902,2.3285
0.1,24.894,2.3283
0.1,24.886,2.3283
0.1,24.877,2.328
0.1,24.869,2.3278
0.1,24.861,2.3276
0.1,24.852,2.3274
0.1,24.844,2.3271
0.1,24.836,2.3269
0.1,24.827,2.3269
0.1,24.819,2.3267
0.1,24.811,2.3264
0.1,24.802,2.3262
0.1,24.794,2.326
0.1,24.786,2.3258
0.1,24.777,2.3258
0.1,24.769,2.3253
0.1,24.761,2.3253
0.1,24.752,2.3251
0.1,24.744,2.3249
0.1,24.736,2.3246
0.1,24.727,2.3246
0.1,24.719,2.3242
0.1,24.711,2.3242
0.1,24.702,2.324
0.1,24.694,2.3237
0.1,24.686,2.3235
0.1,24.677,2.3233
0.1,24.669,2.3231
0.1,24.661,2.3231
0.1,24.652,2.3228
0.1,24.644,2.3226
0.1,24.636,2.3224
0.1,24.627,2.3222
0.1,24.619,2.3219
0.1,24.611,2.3217
0.1,24.602,2.3217
0.1,24.594,2.3215
0.1,24.586,2.3213
0.1,24.577,2.321
0.1,24.569,2.3208
0.1,24.561,2.3206
0.1,24.552,2.3204
0.1,24.544,2.3204
0.1,24.536,2.3201
0.1,24.528,2.3199
0.1,24.519,2.3197
0.1,24.511,2.3195
0.1,24.503,2.3192
0.1,24.494,2.319
0.1,24.486,2.319
0.1,24.478,2.3188
0.1,24.469,2.3185
0.1,24.461,2.3183
0.1,24.453,2.3181
0.1,24.444,2.3179
0.1,24.436,2.3176
0.1,24.428,2.3176
0.1,24.419,2.3174
0.1,24.411,2.3172
0.1,24.403,2.317
0.1,24.394,2.3167
0.1,24.386,2.3165
0.1,24.378,2.3163
0.1,24.369,2.3161
0.1,24.361,2.3161
0.1,24.353,2.3158
0.1,24.344,2.3158
0.1,24.336,2.3154
0.1,24.328,2.3152
0.1,24.319,2.3149
0.1,24.311,2.3149
0.1,24.303,2.3147
0.1,24.294,2.3145
0.1,24.286,2.3143
0.1,24.278,2.3143
0.1,24.269,2.3138
0.1,24.261,2.3136
0.1,24.253,2.3136
0.1,24.244,2.3134
0.1,24.236,2.3131
0.1,24.228,2.3129
0.1,24.219,2.3129
0.1,24.211,2.3127
0.1,24.203,2.3125
0.1,24.194,2.3122
0.1,24.186,2.312
0.1,24.178,2.3118
0.1,24.169,2.3118
0.1,24.161,2.3113
0.1,24.153,2.3113
0.1,24.144,2.3111
0.1,24.136,2.3109
0.1,24.128,2.3106
0.1,24.119,2.3104
0.1,24.111,2.3102
0.1,24.103,2.31
0.1,24.094,2.31
0.1,24.086,2.3097
0.1,24.078,2.3095
0.1,24.069,2.3093
0.1,24.061,2.3093
0.1,24.053,2.3091
0.1,24.044,2.3088
0.1,24.036,2.3086
0.1,24.028,2.3084
0.1,24.019,2.3082
0.1,24.011,2.3079
0.1,24.003,2.3077
0.1,23.994,2.3077
0.1,23.986,2.3075
0.1,23.978,2.3073
0.1,23.969,2.307
0.1,23.961,2.307
0.1,23.953,2.3068
0.1,23.944,2.3064
0.1,23.936,2.3061
0.1,23.928,2.3061
0.1,23.919,2.3059
0.1,23.911,2.3057
0.1,23.903,2.3057
0.1,23.894,2.3055
0.1,23.886,2.3052
0.1,23.878,2.3048
0.1,23.869,2.3046
0.1,23.861,2.3046
0.1,23.853,2.3043
0.1,23.844,2.3043
0.1,23.836,2.3041
0.1,23.828,2.3039
0.1,23.819,2.3037
0.1,23.811,2.3034
0.1,23.803,2.3032
0.1,23.794,2.303
0.1,23.786,2.3027
0.1,23.778,2.3025
0.1,23.769,2.3025
0.1,23.761,2.3023
0.1,23.753,2.3021
0.1,23.744,2.3018
0.1,23.736,2.3016
0.1,23.728,2.3014
0.1,23.719,2.3012
0.1,23.711,2.3012
0.1,23.703,2.3009
0.1,23.694,2.3007
0.1,23.686,2.3005
0.1,23.678,2.3003
0.1,23.669,2.3
0.1,23.661,2.3
0.1,23.653,2.2998
0.1,23.644,2.2996
0.1,23.636,2.2996
0.1,23.628,2.2991
0.1,23.619,2.2989
0.1,23.611,2.2989
0.1,23.603,2.2987
0.1,23.594,2.2985
0.1,23.586,2.2985
0.1,23.578,2.2982
0.1,23.569,2.2978
0.1,23.561,2.2976
0.1,23.553,2.2976
0.1,23.544,2.2973
0.1,23.536,2.2971
0.1,23.528,2.2969
0.1,23.519,2.2969
0.1,23.511,2.2967
0.1,23.503,2.2964
0.1,23.494,2.2962
0.1,23.486,2.296
0.1,23.478,2.2958
0.1,23.469,2.2955
0.1,23.461,2.2953
0.1,23.453,2.2951
0.1,23.444,2.2951
0.1,23.436,2.2948
0.1,23.428,2.2946
0.1,23.419,2.2944
0.1,23.411,2.2944
0.1,23.403,2.2942
0.1,23.394,2.2939
0.1,23.386,2.2937
0.1,23.378,2.2935
0.1,23.369,2.2935
0.1,23.361,2.2933
0.1,23.353,2.293
0.1,23.344,2.2928
0.1,23.336,2.2926
0.1,23.328,2.2924
0.1,23.319,2.2921
0.1,23.311,2.2921
0.1,23.303,2.2919
0.1,23.294,2.2917
0.1,23.286,2.2915
0.1,23.278,2.2912
0.1,23.269,2.2912
0.1,23.261,2.2908
0.1,23.253,2.2908
0.1,23.244,2.2906
0.1,23.236,2.2903
0.1,23.228,2.2901
0.1,23.219,2.2899
0.1,23.211,2.2899
0.1,23.203,2.2897
0.1,23.194,2.2894
0.1,23.186,2.2892
0.1,23.178,2.2892
0.1,23.17,2.2888
0.1,23.161,2.2885
0.1,23.153,2.2883
0.1,23.145,2.2883
0.1,23.136,2.2881
0.1,23.128,2.2879
0.1,23.12,2.2876
0.1,23.111,2.2876
0.1,23.103,2.2874
0.1,23.095,2.2872
0.1,23.086,2.2869
0.1,23.078,2.2867
0.1,23.07,2.2865
0.1,23.061,2.2863
0.1,23.053,2.2863
0.1,23.045,2.286
0.1,23.036,2.2858
0.1,23.028,2.2856
0.1,23.02,2.2854
0.1,23.011,2.2851
0.1,23.003,2.2851
0.1,22.995,2.2849
0.1,22.986,2.2847
0.1,22.978,2.2845
0.1,22.97,2.2845
0.1,22.961,2.2842
0.1,22.953,2.284
0.1,22.945,2.2838
0.1,22.936,2.2836
0.1,22.928,2.2833
0.1,22.92,2.2831
0.1,22.911,2.2831
0.1,22.903,2.2829
0.1,22.895,2.2827
0.1,22.886,2.2824
0.1,22.878,2.2822
0.1,22.87,2.282
0.1,22.861,2.282
0.1,22.853,2.2818
0.1,22.845,2.2813
0.1,22.836,2.2813
0.1,22.828,2.2811
0.1,22.82,2.2809
0.1,22.811,2.2809
0.1,22.803,2.2806
0.1,22.795,2.2804
0.1,22.786,2.2802
0.1,22.778,2.2802
0.1,22.77,2.28
0.1,22.761,2.2797
0.1,22.753,2.2795
0.1,22.745,2.2793
0.1,22.736,2.279
0.1,22.728,2.279
0.1,22.72,2.2788
0.1,22.711,2.2786
0.1,22.703,2.2784
0.1,22.695,2.2784
0.1,22.686,2.2779
0.1,22.678,2.2779
0.1,22.67,2.2777
0.1,22.661,2.2775
0.1,22.653,2.2772
0.1,22.645,2.277
0.1,22.636,2.277
0.1,22.628,2.2768
0.1,22.62,2.2766
0.1,22.611,2.2763
0.1,22.603,2.2763
0.1,22.595,2.2761
0.1,22.586,2.2759
0.1,22.578,2.2757
0.1,22.57,2.2754
0.1,22.561,2.2754
0.1,22.553,2.2752
0.1,22.545,2.275
0.1,22.536,2.275
0.1,22.528,2.2745
0.1,22.52,2.2745
0.1,22.511,2.2741
0.1,22.503,2.2741
0.1,22.495,2.2739
0.1,22.486,2.2736
0.1,22.478,2.2736
0.1,22.47,2.2734
0.1,22.461,2.273
0.1,22.453,2.273
0.1,22.445,2.2727
0.1,22.436,2.2725
0.1,22.428,2.2723
0.1,22.42,2.2723
0.1,22.411,2.2718
0.1,22.403,2.2718
0.1,22.395,2.2716
0.1,22.386,2.2714
0.1,22.378,2.2714
0.1,22.37,2.2711
0.1,22.361,2.2709
0.1,22.353,2.2707
0.1,22.345,2.2705
0.1,22.336,2.2702
0.1,22.328,2.2702
0.1,22.32,2.27
0.1,22.311,2.2698
0.1,22.303,2.2696
0.1,22.295,2.2696
0.1,22.286,2.2693
0.1,22.278,2.2691
0.1,22.27,2.2689
0.1,22.261,2.2689
0.1,22.253,2.2684
0.1,22.245,2.2684
0.1,22.236,2.2682
0.1,22.228,2.268
0.1,22.22,2.2678
0.1,22.211,2.2675
0.1,22.203,2.2675
0.1,22.195,2.2673
0.1,22.186,2.2671
0.1,22.178,2.2669
0.1,22.17,2.2666
0.1,22.161,2.2666
0.1,22.153,2.2664
0.1,22.145,2.2662
0.1,22.136,2.266
0.1,22.128,2.266
0.1,22.12,2.2657
0.1,22.111,2.2655
0.1,22.103,2.2653
0.1,22.095,2.2653
0.1,22.086,2.2648
0.1,22.078,2.2646
0.1,22.07,2.2646
0.1,22.061,2.2644
0.1,22.053,2.2644
0.1,22.045,2.2642
0.1,22.036,2.2639
0.1,22.028,2.2637
0.1,22.02,2.2635
0.1,22.011,2.2632
0.1,22.003,2.2632
0.1,21.995,2.263
0.1,21.986,2.2628
0.1,21.978,2.2628
0.1,21.97,2.2623
0.1,21.961,2.2626
0.1,21.953,2.2621
0.1,21.945,2.2619
0.1,21.936,2.2617
0.1,21.928,2.2617
0.1,21.92,2.2614
0.1,21.911,2.2612
0.1,21.903,2.261
0.1,21.895,2.261
0.1,21.886,2.2608
0.1,21.878,2.2608
0.1,21.87,2.2603
0.1,21.861,2.2603
0.1,21.853,2.2601
0.1,21.845,2.2601
0.1,21.836,2.2596
0.1,21.828,2.2596
0.1,21.82,2.2592
0.1,21.812,2.2592
0.1,21.803,2.259
0.1,21.795,2.259
0.1,21.787,2.2587
0.1,21.778,2.2585
0.1,21.77,2.2583
0.1,21.762,2.2583
0.1,21.753,2.2581
0.1,21.745,2.2578
0.1,21.737,2.2576
0.1,21.728,2.2574
0.1,21.72,2.2574
0.1,21.712,2.2572
0.1,21.703,2.2569
0.1,21.695,2.2567
0.1,21.687,2.2565
0.1,21.678,2.2565
0.1,21.67,2.2563
0.1,21.662,2.256
0.1,21.653,2.2558
0.1,21.645,2.2556
0.1,21.637,2.2556
0.1,21.628,2.2553
0.1,21.62,2.2551
0.1,21.612,2.2551
0.1,21.603,2.2549
0.1,21.595,2.2547
0.1,21.587,2.2544
0.1,21.578,2.2544
0.1,21.57,2.254
0.1,21.562,2.254
0.1,21.553,2.2538
0.1,21.545,2.2538
0.1,21.537,2.2535
0.1,21.528,2.2533
0.1,21.52,2.2531
0.1,21.512,2.2531
0.1,21.503,2.2529
0.1,21.495,2.2526
0.1,21.487,2.2524
0.1,21.478,2.2522
0.1,21.47,2.2522
0.1,21.462,2.252
0.1,21.453,2.2517
0.1,21.445,2.2517
0.1,21.437,2.2515
0.1,21.428,2.2513
0.1,21.42,2.2511
0.1,21.412,2.2508
0.1,21.403,2.2508
0.1,21.395,2.2506
0.1,21.387,2.2504
0.1,21.378,2.2504
0.1,21.37,2.2502
0.1,21.362,2.2499
0.1,21.353,2.2497
0.1,21.345,2.2495
0.1,21.337,2.2495
0.1,21.328,2.2493
0.1,21.32,2.2493
0.1,21.312,2.249
0.1,21.303,2.2486
0.1,21.295,2.2486
0.1,21.287,2.2484
0.1,21.278,2.2484
0.1,21.27,2.2481
0.1,21.262,2.2479
0.1,21.253,2.2479
0.1,21.245,2.2477
0.1,21.237,2.2474
0.1,21.228,2.2474
0.1,21.22,2.2472
0.1,21.212,2.247
0.1,21.203,2.2468
0.1,21.195,2.2468
0.1,21.187,2.2465
0.1,21.178,2.2463
0.1,21.17,2.2461
0.1,21.162,2.2461
0.1,21.153,2.2459
0.1,21.145,2.2456
0.1,21.137,2.2456
0.1,21.128,2.2454
0.1,21.12,2.2452
0.1,21.112,2.245
0.1,21.103,2.2447
0.1,21.095,2.2447
0.1,21.087,2.2447
0.1,21.078,2.2443
0.1,21.07,2.2443
0.1,21.062,2.2441
0.1,21.053,2.2438
0.1,21.045,2.2436
0.1,21.037,2.2434
0.1,21.028,2.2434
0.1,21.02,2.2432
0.1,21.012,2.2429
0.1,21.003,2.2429
0.1,20.995,2.2427
0.1,20.987,2.2427
0.1,20.978,2.2425
0.1,20.97,2.2423
0.1,20.962,2.242
0.1,20.953,2.242
0.1,20.945,2.2418
0.1,20.937,2.2416
0.1,20.928,2.2414
0.1,20.92,2.2411
0.1,20.912,2.2411
0.1,20.903,2.2409
0.1,20.895,2.2407
0.1,20.887,2.2407
0.1,20.878,2.2405
0.1,20.87,2.2402
0.1,20.862,2.24
0.1,20.853,2.24
0.1,20.845,2.2398
0.1,20.837,2.2398
0.1,20.828,2.2395
0.1,20.82,2.2393
0.1,20.812,2.2391
0.1,20.803,2.2389
0.1,20.795,2.2389
0.1,20.787,2.2389
0.1,20.778,2.2384
0.1,20.77,2.2384
0.1,20.762,2.2382
0.1,20.753,2.2382
0.1,20.745,2.2377
0.1,20.737,2.2377
0.1,20.728,2.2377
0.1,20.72,2.2373
0.1,20.712,2.2371
0.1,20.703,2.2371
0.1,20.695,2.2368
0.1,20.687,2.2368
0.1,20.678,2.2366
0.1,20.67,2.2366
0.1,20.662,2.2364
0.1,20.653,2.2362
0.1,20.645,2.2359
0.1,20.637,2.2359
0.1,20.628,2.2357
0.1,20.62,2.2355
0.1,20.612,2.2355
0.1,20.603,2.2353
0.1,20.595,2.235
0.1,20.587,2.235
0.1,20.578,2.2348
0.1,20.57,2.2346
0.1,20.562,2.2346
0.1,20.553,2.2344
0.1,20.545,2.2341
0.1,20.537,2.2341
0.1,20.528,2.2339
0.1,20.52,2.2337
0.1,20.512,2.2337
0.1,20.503,2.2335
0.1,20.495,2.2332
0.1,20.487,2.233
0.1,20.478,2.233
0.1,20.47,2.2328
0.1,20.462,2.2328
0.1,20.454,2.2326
0.1,20.445,2.2323
0.1,20.437,2.2321
0.1,20.429,2.2321
0.1,20.42,2.2319
0.1,20.412,2.2319
0.1,20.404,2.2316
0.1,20.395,2.2314
0.1,20.387,2.2312
0.1,20.379,2.2312
0.1,20.37,2.231
0.1,20.362,2.231
0.1,20.354,2.2307
0.1,20.345,2.2305
0.1,20.337,2.2303
0.1,20.329,2.2303
0.1,20.32,2.2301
0.1,20.312,2.2301
0.1,20.304,2.2298
0.1,20.295,2.2296
0.1,20.287,2.2296
0.1,20.279,2.2294
0.1,20.27,2.2292
0.1,20.262,2.2289
0.1,20.254,2.2289
0.1,20.245,2.2287
0.1,20.237,2.2285
0.1,20.229,2.2285
0.1,20.22,2.2283
0.1,20.212,2.228
0.1,20.204,2.228
0.1,20.195,2.2278
0.1,20.187,2.2276
0.1,20.179,2.2274
0.1,20.17,2.2274
0.1,20.162,2.2271
0.1,20.154,2.2271
0.1,20.145,2.2269
0.1,20.137,2.2267
0.1,20.129,2.2267
0.1,20.12,2.2265
0.1,20.112,2.2262
0.1,20.104,2.2262
0.1,20.095,2.226
0.1,20.087,2.226
0.1,20.079,2.2258
0.1,20.07,2.2256
0.1,20.062,2.2253
0.1,20.054,2.2253
0.1,20.045,2.2253
0.1,20.037,2.2249
0.1,20.029,2.2249
0.1,20.02,2.2247
0.1,20.012,2.2244
0.1,20.004,2.2244
0.1,19.995,2.2242
0.1,19.987,2.2242
0.1,19.979,2.224
0.1,19.97,2.224
0.1,19.962,2.2237
0.1,19.954,2.2235
0.1,19.945,2.2235
0.1,19.937,2.2233
0.1,19.929,2.2231
0.1,19.92,2.2231
0.1,19.912,2.2228
0.1,19.904,2.2226
0.1,19.895,2.2226
0.1,19.887,2.2224
0.1,19.879,2.2224
0.1,19.87,2.2219
0.1,19.862,2.2219
0.1,19.854,2.2217
0.1,19.845,2.2217
0.1,19.837,2.2215
0.1,19.829,2.2215
0.1,19.82,2.2213
0.1,19.812,2.221
0.1,19.804,2.2208
0.1,19.795,2.2208
0.1,19.787,2.2208
0.1,19.779,2.2206
0.1,19.77,2.2204
0.1,19.762,2.2201
0.1,19.754,2.2201
0.1,19.745,2.2199
0.1,19.737,2.2199
0.1,19.729,2.2197
0.1,19.72,2.2195
0.1,19.712,2.2195
0.1,19.704,2.2192
0.1,19.695,2.2192
0.1,19.687,2.2192
0.1,19.679,2.2188
0.1,19.67,2.2188
0.1,19.662,2.2188
0.1,19.654,2.2186
0.1,19.645,2.2183
0.1,19.637,2.2181
0.1,19.629,2.2179
0.1,19.62,2.2179
0.1,19.612,2.2177
0.1,19.604,2.2174
0.1,19.595,2.2174
0.1,19.587,2.2174
0.1,19.579,2.2172
0.1,19.57,2.2172
0.1,19.562,2.217
0.1,19.554,2.2168
0.1,19.545,2.2168
0.1,19.537,2.2165
0.1,19.529,2.2163
0.1,19.52,2.2163
0.1,19.512,2.2161
0.1,19.504,2.2158
0.1,19.495,2.2158
0.1,19.487,2.2156
0.1,19.479,2.2156
0.1,19.47,2.2154
0.1,19.462,2.2154
0.1,19.454,2.2152
0.1,19.445,2.2149
0.1,19.437,2.2149
0.1,19.429,2.2147
0.1,19.42,2.2145
0.1,19.412,2.2145
0.1,19.404,2.2143
0.1,19.395,2.214
0.1,19.387,2.214
0.1,19.379,2.2138
0.1,19.37,2.2138
0.1,19.362,2.2136
0.1,19.354,2.2134
0.1,19.345,2.2134
0.1,19.337,2.2134
0.1,19.329,2.2131
0.1,19.32,2.2129
0.1,19.312,2.2127
0.1,19.304,2.2127
0.1,19.295,2.2125
0.1,19.287,2.2125
0.1,19.279,2.2122
0.1,19.27,2.2122
0.1,19.262,2.212
0.1,19.254,2.2118
0.1,19.245,2.2118
0.1,19.237,2.2116
0.1,19.229,2.2113
0.1,19.22,2.2113
0.1,19.212,2.2111
0.1,19.204,2.2109
0.1,19.195,2.2109
0.1,19.187,2.2109
0.1,19.179,2.2107
0.1,19.17,2.2107
0.1,19.162,2.2102
0.1,19.154,2.2102
0.1,19.145,2.21
0.1,19.137,2.21
0.1,19.129,2.2098
0.1,19.121,2.2098
0.1,19.112,2.2095
0.1,19.104,2.2095
0.1,19.096,2.2093
0.1,19.087,2.2091
0.1,19.079,2.2091
0.1,19.071,2.2089
0.1,19.062,2.2086
0.1,19.054,2.2086
0.1,19.046,2.2084
0.1,19.037,2.2084
0.1,19.029,2.2084
0.1,19.021,2.2082
0.1,19.012,2.2079
0.1,19.004,2.2079
0.1,18.996,2.2075
0.1,18.987,2.2075
0.1,18.979,2.2075
0.1,18.971,2.2073
0.1,18.962,2.207
0.1,18.954,2.207
0.1,18.946,2.207
0.1,18.937,2.2068
0.1,18.929,2.2066
0.1,18.921,2.2066
0.1,18.912,2.2064
0.1,18.904,2.2064
0.1,18.896,2.2061
0.1,18.887,2.2059
0.1,18.879,2.2059
0.1,18.871,2.2057
0.1,18.862,2.2057
0.1,18.854,2.2055
0.1,18.846,2.2052
0.1,18.837,2.2052
0.1,18.829,2.205
0.1,18.821,2.205
0.1,18.812,2.205
0.1,18.804,2.2048
0.1,18.796,2.2048
0.1,18.787,2.2046
0.1,18.779,2.2043
0.1,18.771,2.2043
0.1,18.762,2.2041
0.1,18.754,2.2039
0.1,18.746,2.2039
0.1,18.737,2.2037
0.1,18.729,2.2037
0.1,18.721,2.2034
0.1,18.712,2.2034
0.1,18.704,2.2032
0.1,18.696,2.2032
0.1,18.687,2.203
0.1,18.679,2.2028
0.1,18.671,2.2028
0.1,18.662,2.2025
0.1,18.654,2.2025
0.1,18.646,2.2025
0.1,18.637,2.2023
0.1,18.629,2.2021
0.1,18.621,2.2021
0.1,18.612,2.2019
0.1,18.604,2.2016
0.1,18.596,2.2016
0.1,18.587,2.2014
0.1,18.579,2.2014
0.1,18.571,2.2012
0.1,18.562,2.2012
0.1,18.554,2.201
0.1,18.546,2.201
0.1,18.537,2.2007
0.1,18.529,2.2007
0.1,18.521,2.2005
0.1,18.512,2.2003
0.1,18.504,2.2003
0.1,18.496,2.2
0.1,18.487,2.1998
0.1,18.479,2.1996
0.1,18.471,2.1996
0.1,18.462,2.1996
0.1,18.454,2.1996
0.1,18.446,2.1994
0.1,18.437,2.1994
0.1,18.429,2.1991
0.1,18.421,2.1989
0.1,18.412,2.1987
0.1,18.404,2.1987
0.1,18.396,2.1985
0.1,18.387,2.1985
0.1,18.379,2.1982
0.1,18.371,2.1982
0.1,18.362,2.198
0.1,18.354,2.198
0.1,18.346,2.1978
0.1,18.337,2.1978
0.1,18.329,2.1976
0.1,18.321,2.1973
0.1,18.312,2.1973
0.1,18.304,2.1973
0.1,18.296,2.1971
0.1,18.287,2.1971
0.1,18.279,2.1969
0.1,18.271,2.1967
0.1,18.262,2.1967
0.1,18.254,2.1964
0.1,18.246,2.1964
0.1,18.237,2.1962
0.1,18.229,2.196
0.1,18.221,2.196
0.1,18.212,2.196
0.1,18.204,2.1958
0.1,18.196,2.1955
0.1,18.187,2.1955
0.1,18.179,2.1955
0.1,18.171,2.1953
0.1,18.162,2.1951
0.1,18.154,2.1951
0.1,18.146,2.1949
0.1,18.137,2.1946
0.1,18.129,2.1946
0.1,18.121,2.1946
0.1,18.112,2.1946
0.1,18.104,2.1944
0.1,18.096,2.1942
0.1,18.087,2.1942
0.1,18.079,2.194
0.1,18.071,2.194
0.1,18.062,2.1937
0.1,18.054,2.1935
0.1,18.046,2.1935
0.1,18.037,2.1935
0.1,18.029,2.1933
0.1,18.021,2.1931
0.1,18.012,2.1931
0.1,18.004,2.1928
0.1,17.996,2.1928
0.1,17.987,2.1926
0.1,17.979,2.1926
0.1,17.971,2.1924
0.1,17.962,2.1921
0.1,17.954,2.1921
0.1,17.946,2.1921
0.1,17.937,2.1919
0.1,17.929,2.1919
0.1,17.921,2.1917
0.1,17.912,2.1915
0.1,17.904,2.1915
0.1,17.896,2.1915
0.1,17.887,2.1912
0.1,17.879,2.191
0.1,17.871,2.191
0.1,17.862,2.1908
0.1,17.854,2.1908
0.1,17.846,2.1906
0.1,17.837,2.1906
0.1,17.829,2.1903
0.1,17.821,2.1903
0.1,17.812,2.1901
0.1,17.804,2.1901
0.1,17.796,2.1899
0.1,17.787,2.1897
0.1,17.779,2.1899
0.1,17.771,2.1897
0.1,17.763,2.1897
0.1,17.754,2.1892
0.1,17.746,2.1892
0.1,17.738,2.189
0.1,17.729,2.189
0.1,17.721,2.189
0.1,17.713,2.1888
0.1,17.704,2.1885
0.1,17.696,2.1885
0.1,17.688,2.1883
0.1,17.679,2.1883
0.1,17.671,2.1883
0.1,17.663,2.1881
0.1,17.654,2.1881
0.1,17.646,2.1879
0.1,17.638,2.1879
0.1,17.629,2.1876
0.1,17.621,2.1874
0.1,17.613,2.1874
0.1,17.604,2.1872
0.1,17.596,2.187
0.1,17.588,2.187
0.1,17.579,2.187
0.1,17.571,2.1867
0.1,17.563,2.1867
0.1,17.554,2.1867
0.1,17.546,2.1865
0.1,17.538,2.1863
0.1,17.529,2.1863
0.1,17.521,2.1861
0.1,17.513,2.1858
0.1,17.504,2.1858
0.1,17.496,2.1856
0.1,17.488,2.1856
0.1,17.479,2.1854
0.1,17.471,2.1854
0.1,17.463,2.1852
0.1,17.454,2.1852
0.1,17.446,2.1849
0.1,17.438,2.1849
0.1,17.429,2.1849
0.1,17.421,2.1847
0.1,17.413,2.1847
0.1,17.404,2.1845
0.1,17.396,2.1845
0.1,17.388,2.1842
0.1,17.379,2.1842
0.1,17.371,2.184
0.1,17.363,2.184
0.1,17.354,2.1838
0.1,17.346,2.1836
0.1,17.338,2.1836
0.1,17.329,2.1833
0.1,17.321,2.1833
0.1,17.313,2.1833
0.1,17.304,2.1831
0.1,17.296,2.1829
0.1,17.288,2.1829
0.1,17.279,2.1829
0.1,17.271,2.1827
0.1,17.263,2.1827
0.1,17.254,2.1824
0.1,17.246,2.1824
0.1,17.238,2.1822
0.1,17.229,2.1822
0.1,17.221,2.182
0.1,17.213,2.182
0.1,17.204,2.1818
0.1,17.196,2.1818
0.1,17.188,2.1815
0.1,17.179,2.1813
0.1,17.171,2.1813
0.1,17.163,2.1811
0.1,17.154,2.1811
0.1,17.146,2.1811
0.1,17.138,2.1809
0.1,17.129,2.1809
0.1,17.121,2.1806
0.1,17.113,2.1806
0.1,17.104,2.1804
0.1,17.096,2.1804
0.1,17.088,2.1802
0.1,17.079,2.1802
0.1,17.071,2.18
0.1,17.063,2.18
0.1,17.054,2.1797
0.1,17.046,2.1797
0.1,17.038,2.1795
0.1,17.029,2.1793
0.1,17.021,2.1793
0.1,17.013,2.1793
0.1,17.004,2.1791
0.1,16.996,2.1791
0.1,16.988,2.1788
0.1,16.979,2.1788
0.1,16.971,2.1786
0.1,16.963,2.1786
0.1,16.954,2.1784
0.1,16.946,2.1782
0.1,16.938,2.1782
0.1,16.929,2.1782
0.1,16.921,2.1779
0.1,16.913,2.1779
0.1,16.904,2.1777
0.1,16.896,2.1777
0.1,16.888,2.1777
0.1,16.879,2.1775
0.1,16.871,2.1773
0.1,16.863,2.1773
0.1,16.854,2.1773
0.1,16.846,2.177
0.1,16.838,2.1768
0.1,16.829,2.1768
0.1,16.821,2.1768
0.1,16.813,2.1766
0.1,16.804,2.1766
0.1,16.796,2.1763
0.1,16.788,2.1763
0.1,16.779,2.1761
0.1,16.771,2.1761
0.1,16.763,2.1759
0.1,16.754,2.1759
0.1,16.746,2.1759
0.1,16.738,2.1757
0.1,16.729,2.1754
0.1,16.721,2.1754
0.1,16.713,2.1752
0.1,16.704,2.1752
0.1,16.696,2.175
0.1,16.688,2.175
0.1,16.679,2.175
0.1,16.671,2.1748
0.1,16.663,2.1745
0.1,16.654,2.1745
0.1,16.646,2.1743
0.1,16.638,2.1743
0.1,16.629,2.1741
0.1,16.621,2.1741
0.1,16.613,2.1741
0.1,16.604,2.1739
0.1,16.596,2.1739
0.1,16.588,2.1739
0.1,16.579,2.1736
0.1,16.571,2.1736
0.1,16.563,2.1734
0.1,16.554,2.1734
0.1,16.546,2.1732
0.1,16.538,2.1732
0.1,16.529,2.173
0.1,16.521,2.173
0.1,16.513,2.1727
0.1,16.504,2.1725
0.1,16.496,2.1725
0.1,16.488,2.1725
0.1,16.479,2.1723
0.1,16.471,2.1723
0.1,16.463,2.1721
0.1,16.454,2.1721
0.1,16.446,2.1718
0.1,16.438,2.1718
0.1,16.429,2.1718
0.1,16.421,2.1716
0.1,16.413,2.1714
0.1,16.405,2.1714
0.1,16.396,2.1712
0.1,16.388,2.1709
0.1,16.38,2.1709
0.1,16.371,2.1709
0.1,16.363,2.1707
0.1,16.355,2.1707
0.1,16.346,2.1705
0.1,16.338,2.1705
0.1,16.33,2.1705
0.1,16.321,2.1703
0.1,16.313,2.1703
0.1,16.305,2.17
0.1,16.296,2.1698
0.1,16.288,2.1698
0.1,16.28,2.1698
0.1,16.271,2.1696
0.1,16.263,2.1696
0.1,16.255,2.1694
0.1,16.246,2.1694
0.1,16.238,2.1691
0.1,16.23,2.1689
0.1,16.221,2.1689
0.1,16.213,2.1689
0.1,16.205,2.1687
0.1,16.196,2.1687
0.1,16.188,2.1684
0.1,16.18,2.1687
0.1,16.171,2.1684
0.1,16.163,2.1682
0.1,16.155,2.1682
0.1,16.146,2.168
0.1,16.138,2.168
0.1,16.13,2.1678
0.1,16.121,2.1678
0.1,16.113,2.1678
0.1,16.105,2.1675
0.1,16.096,2.1673
0.1,16.088,2.1673
0.1,16.08,2.1673
0.1,16.071,2.1671
0.1,16.063,2.1669
0.1,16.055,2.1669
0.1,16.046,2.1669
0.1,16.038,2.1669
0.1,16.03,2.1666
0.1,16.021,2.1664
0.1,16.013,2.1664
0.1,16.005,2.1664
0.1,15.996,2.1662
0.1,15.988,2.1662
0.1,15.98,2.166
0.1,15.971,2.166
0.1,15.963,2.1657
0.1,15.955,2.1655
0.1,15.946,2.1655
0.1,15.938,2.1655
0.1,15.93,2.1653
0.1,15.921,2.1651
0.1,15.913,2.1653
0.1,15.905,2.1651
0.1,15.896,2.1651
0.1,15.888,2.1648
0.1,15.88,2.1648
0.1,15.871,2.1646
0.1,15.863,2.1646
0.1,15.855,2.1644
0.1,15.846,2.1644
0.1,15.838,2.1644
0.1,15.83,2.1642
0.1,15.821,2.1642
0.1,15.813,2.1639
0.1,15.805,2.1637
0.1,15.796,2.1637
0.1,15.788,2.1637
0.1,15.78,2.1635
0.1,15.771,2.1635
0.1,15.763,2.1633
0.1,15.755,2.1633
0.1,15.746,2.1633
0.1,15.738,2.163
0.1,15.73,2.1628
0.1,15.721,2.1628
0.1,15.713,2.1626
0.1,15.705,2.1626
0.1,15.696,2.1626
0.1,15.688,2.1624
0.1,15.68,2.1624
0.1,15.671,2.1621
0.1,15.663,2.1621
0.1,15.655,2.1621
0.1,15.646,2.1619
0.1,15.638,2.1617
0.1,15.63,2.1617
0.1,15.621,2.1617
0.1,15.613,2.1615
0.1,15.605,2.1615
0.1,15.596,2.1612
0.1,15.588,2.161
0.1,15.58,2.1612
0.1,15.571,2.161
0.1,15.563,2.161
0.1,15.555,2.1608
0.1,15.546,2.1608
0.1,15.538,2.1605
0.1,15.53,2.1603
0.1,15.521,2.1603
0.1,15.513,2.1601
0.1,15.505,2.1601
0.1,15.496,2.1601
0.1,15.488,2.1599
0.1,15.48,2.1599
0.1,15.471,2.1596
0.1,15.463,2.1596
0.1,15.455,2.1594
0.1,15.446,2.1594
0.1,15.438,2.1594
0.1,15.43,2.1594
0.1,15.421,2.1592
0.1,15.413,2.159
0.1,15.405,2.159
0.1,15.396,2.159
0.1,15.388,2.1587
0.1,15.38,2.1587
0.1,15.371,2.1585
0.1,15.363,2.1583
0.1,15.355,2.1583
0.1,15.346,2.1581
0.1,15.338,2.1581
0.1,15.33,2.1581
0.1,15.321,2.1578
0.1,15.313,2.1578
0.1,15.305,2.1576
0.1,15.296,2.1576
0.1,15.288,2.1574
0.1,15.28,2.1574
0.1,15.271,2.1574
0.1,15.263,2.1574
0.1,15.255,2.1572
0.1,15.246,2.1569
0.1,15.238,2.1569
0.1,15.23,2.1567
0.1,15.221,2.1567
0.1,15.213,2.1565
0.1,15.205,2.1565
0.1,15.196,2.1563
0.1,15.188,2.1563
0.1,15.18,2.1563
0.1,15.171,2.156
0.1,15.163,2.156
0.1,15.155,2.1558
0.1,15.146,2.1558
0.1,15.138,2.1556
0.1,15.13,2.1556
0.1,15.121,2.1556
0.1,15.113,2.1554
0.1,15.105,2.1554
0.1,15.096,2.1551
0.1,15.088,2.1551
0.1,15.08,2.1549
0.1,15.071,2.1549
0.1,15.063,2.1547
0.1,15.055,2.1547
0.1,15.047,2.1547
0.1,15.038,2.1545
0.1,15.03,2.1545
0.1,15.022,2.1542
0.1,15.013,2.1542
0.1,15.005,2.1542
0.1,14.997,2.154
0.1,14.988,2.1538
0.1,14.98,2.1538
0.1,14.972,2.1538
0.1,14.963,2.1538
0.1,14.955,2.1536
0.1,14.947,2.1536
0.1,14.938,2.1533
0.1,14.93,2.1531
0.1,14.922,2.1531
0.1,14.913,2.1531
0.1,14.905,2.1529
0.1,14.897,2.1529
0.1,14.888,2.1526
0.1,14.88,2.1526
0.1,14.872,2.1524
0.1,14.863,2.1524
0.1,14.855,2.1522
0.1,14.847,2.1522
0.1,14.838,2.1522
0.1,14.83,2.152
0.1,14.822,2.152
0.1,14.813,2.152
0.1,14.805,2.1517
0.1,14.797,2.1515
0.1,14.788,2.1515
0.1,14.78,2.1515
0.1,14.772,2.1513
0.1,14.763,2.1511
0.1,14.755,2.1511
0.1,14.747,2.1508
0.1,14.738,2.1508
0.1,14.73,2.1508
0.1,14.722,2.1508
0.1,14.713,2.1506
0.1,14.705,2.1504
0.1,14.697,2.1504
0.1,14.688,2.1504
0.1,14.68,2.1502
0.1,14.672,2.1502
0.1,14.663,2.1499
0.1,14.655,2.1499
0.1,14.647,2.1497
0.1,14.638,2.1497
0.1,14.63,2.1495
0.1,14.622,2.1495
0.1,14.613,2.1493
0.1,14.605,2.1493
0.1,14.597,2.149
0.1,14.588,2.149
0.1,14.58,2.149
0.1,14.572,2.149
0.1,14.563,2.1488
0.1,14.555,2.1488
0.1,14.547,2.1486
0.1,14.538,2.1484
0.1,14.53,2.1484
0.1,14.522,2.1484
0.1,14.513,2.1481
0.1,14.505,2.1479
0.1,14.497,2.1479
0.1,14.488,2.1477
0.1,14.48,2.1477
0.1,14.472,2.1477
0.1,14.463,2.1477
0.1,14.455,2.1475
0.1,14.447,2.1475
0.1,14.438,2.1472
0.1,14.43,2.1472
0.1,14.422,2.147
0.1,14.413,2.147
0.1,14.405,2.1468
0.1,14.397,2.147
0.1,14.388,2.1466
0.1,14.38,2.1466
0.1,14.372,2.1466
0.1,14.363,2.1463
0.1,14.355,2.1463
0.1,14.347,2.1461
0.1,14.338,2.1461
0.1,14.33,2.1459
0.1,14.322,2.1459
0.1,14.313,2.1459
0.1,14.305,2.1457
0.1,14.297,2.1457
0.1,14.288,2.1457
0.1,14.28,2.1454
0.1,14.272,2.1454
0.1,14.263,2.1452
0.1,14.255,2.1452
0.1,14.247,2.145
0.1,14.238,2.145
0.1,14.23,2.1447
0.1,14.222,2.1447
0.1,14.213,2.1447
0.1,14.205,2.1445
0.1,14.197,2.1443
0.1,14.188,2.1443
0.1,14.18,2.1443
0.1,14.172,2.1443
0.1,14.163,2.1441
0.1,14.155,2.1441
0.1,14.147,2.1438
0.1,14.138,2.1436
0.1,14.13,2.1436
0.1,14.122,2.1436
0.1,14.113,2.1434
0.1,14.105,2.1432
0.1,14.097,2.1432
0.1,14.088,2.1432
0.1,14.08,2.1432
0.1,14.072,2.1429
0.1,14.063,2.1429
0.1,14.055,2.1427
0.1,14.047,2.1427
0.1,14.038,2.1425
0.1,14.03,2.1425
0.1,14.022,2.1423
0.1,14.013,2.1423
0.1,14.005,2.1423
0.1,13.997,2.142
0.1,13.988,2.1418
0.1,13.98,2.1418
0.1,13.972,2.1418
0.1,13.963,2.1416
0.1,13.955,2.1414
0.1,13.947,2.1414
0.1,13.938,2.1416
0.1,13.93,2.1411
0.1,13.922,2.1411
0.1,13.913,2.1411
0.1,13.905,2.1411
0.1,13.897,2.1409
0.1,13.888,2.1407
0.1,13.88,2.1407
0.1,13.872,2.1405
0.1,13.863,2.1405
0.1,13.855,2.1402
0.1,13.847,2.1402
0.1,13.838,2.1402
0.1,13.83,2.14
0.1,13.822,2.1398
0.1,13.813,2.14
0.1,13.805,2.1398
0.1,13.797,2.1398
0.1,13.788,2.1396
0.1,13.78,2.1396
0.1,13.772,2.1393
0.1,13.763,2.1393
0.1,13.755,2.1393
0.1,13.747,2.1391
0.1,13.738,2.1389
0.1,13.73,2.1389
0.1,13.722,2.1389
0.1,13.713,2.1387
0.1,13.705,2.1384
0.1,13.697,2.1387
0.1,13.689,2.1384
0.1,13.68,2.1384
0.1,13.672,2.1382
0.1,13.664,2.138
0.1,13.655,2.138
0.1,13.647,2.1378
0.1,13.639,2.1378
0.1,13.63,2.1375
0.1,13.622,2.1375
0.1,13.614,2.1375
0.1,13.605,2.1375
0.1,13.597,2.1373
0.1,13.589,2.1373
0.1,13.58,2.1371
0.1,13.572,2.1371
0.1,13.564,2.1368
0.1,13.555,2.1368
0.1,13.547,2.1368
0.1,13.539,2.1366
0.1,13.53,2.1364
0.1,13.522,2.1364
0.1,13.514,2.1364
0.1,13.505,2.1362
0.1,13.497,2.1362
0.1,13.489,2.1359
0.1,13.48,2.1359
0.1,13.472,2.1359
0.1,13.464,2.1357
0.1,13.455,2.1357
0.1,13.447,2.1355
0.1,13.439,2.1355
0.1,13.43,2.1353
0.1,13.422,2.1353
0.1,13.414,2.1353
0.1,13.405,2.135
0.1,13.397,2.1348
0.1,13.389,2.135
0.1,13.38,2.1348
0.1,13.372,2.1346
0.1,13.364,2.1346
0.1,13.355,2.1346
0.1,13.347,2.1344
0.1,13.339,2.1344
0.1,13.33,2.1341
0.1,13.322,2.1341
0.1,13.314,2.1341
0.1,13.305,2.1339
0.1,13.297,2.1337
0.1,13.289,2.1337
0.1,13.28,2.1335
0.1,13.272,2.1335
0.1,13.264,2.1335
0.1,13.255,2.1332
0.1,13.247,2.1332
0.1,13.239,2.133
0.1,13.23,2.133
0.1,13.222,2.1328
0.1,13.214,2.1328
0.1,13.205,2.1328
0.1,13.197,2.1326
0.1,13.189,2.1323
0.1,13.18,2.1323
0.1,13.172,2.1323
0.1,13.164,2.1321
0.1,13.155,2.1321
0.1,13.147,2.1321
0.1,13.139,2.1319
0.1,13.13,2.1319
0.1,13.122,2.1317
0.1,13.114,2.1317
0.1,13.105,2.1314
0.1,13.097,2.1314
0.1,13.089,2.1312
0.1,13.08,2.131
0.1,13.072,2.131
0.1,13.064,2.131
0.1,13.055,2.1308
0.1,13.047,2.1308
0.1,13.039,2.1305
0.1,13.03,2.1305
0.1,13.022,2.1305
0.1,13.014,2.1303
0.1,13.005,2.1301
0.1,12.997,2.1301
0.1,12.989,2.1301
0.1,12.98,2.1299
0.1,12.972,2.1299
0.1,12.964,2.1296
0.1,12.955,2.1296
0.1,12.947,2.1296
0.1,12.939,2.1294
0.1,12.93,2.1294
0.1,12.922,2.1292
0.1,12.914,2.1289
0.1,12.905,2.1292
0.1,12.897,2.1289
0.1,12.889,2.1289
0.1,12.88,2.1287
0.1,12.872,2.1287
0.1,12.864,2.1285
0.1,12.855,2.1285
0.1,12.847,2.1283
0.1,12.839,2.1283
0.1,12.83,2.1283
0.1,12.822,2.128
0.1,12.814,2.1278
0.1,12.805,2.1276
0.1,12.797,2.1276
0.1,12.789,2.1276
0.1,12.78,2.1274
0.1,12.772,2.1274
0.1,12.764,2.1274
0.1,12.755,2.1271
0.1,12.747,2.1271
0.1,12.739,2.1269
0.1,12.73,2.1269
0.1,12.722,2.1269
0.1,12.714,2.1269
0.1,12.705,2.1267
0.1,12.697,2.1265
0.1,12.689,2.1265
0.1,12.68,2.1262
0.1,12.672,2.126
0.1,12.664,2.1262
0.1,12.655,2.126
0.1,12.647,2.1258
0.1,12.639,2.1258
0.1,12.63,2.1256
0.1,12.622,2.1256
0.1,12.614,2.1256
0.1,12.605,2.1253
0.1,12.597,2.1256
0.1,12.589,2.1251
0.1,12.58,2.1251
0.1,12.572,2.1249
0.1,12.564,2.1249
0.1,12.555,2.1249
0.1,12.547,2.1249
0.1,12.539,2.1247
0.1,12.53,2.1244
0.1,12.522,2.1244
0.1,12.514,2.1244
0.1,12.505,2.1242
0.1,12.497,2.124
0.1,12.489,2.124
0.1,12.48,2.1238
0.1,12.472,2.1238
0.1,12.464,2.1235
0.1,12.455,2.1235
0.1,12.447,2.1235
0.1,12.439,2.1235
0.1,12.43,2.1233
0.1,12.422,2.1231
0.1,12.414,2.1231
0.1,12.405,2.1229
0.1,12.397,2.1229
0.1,12.389,2.1229
0.1,12.38,2.1226
0.1,12.372,2.1224
0.1,12.364,2.1224
0.1,12.356,2.1222
0.1,12.347,2.1222
0.1,12.339,2.1222
0.1,12.331,2.122
0.1,12.322,2.122
0.1,12.314,2.122
0.1,12.306,2.1217
0.1,12.297,2.1217
0.1,12.289,2.1215
0.1,12.281,2.1213
0.1,12.272,2.1213
0.1,12.264,2.1213
0.1,12.256,2.121
0.1,12.247,2.121
0.1,12.239,2.121
0.1,12.231,2.1208
0.1,12.222,2.1206
0.1,12.214,2.1206
0.1,12.206,2.1204
0.1,12.197,2.1204
0.1,12.189,2.1201
0.1,12.181,2.1201
0.1,12.172,2.1199
0.1,12.164,2.1199
0.1,12.156,2.1199
0.1,12.147,2.1199
0.1,12.139,2.1195
0.1,12.131,2.1195
0.1,12.122,2.1195
0.1,12.114,2.1195
0.1,12.106,2.1192
0.1,12.097,2.119
0.1,12.089,2.119
0.1,12.081,2.119
0.1,12.072,2.1188
0.1,12.064,2.1186
0.1,12.056,2.1186
0.1,12.047,2.1186
0.1,12.039,2.1183
0.1,12.031,2.1183
0.1,12.022,2.1181
0.1,12.014,2.1181
0.1,12.006,2.1179
0.1,11.997,2.1179
0.1,11.989,2.1179
0.1,11.981,2.1177
0.1,11.972,2.1177
0.1,11.964,2.1174
0.1,11.956,2.1174
0.1,11.947,2.1172
0.1,11.939,2.117
0.1,11.931,2.117
0.1,11.922,2.117
0.1,11.914,2.1168
0.1,11.906,2.1168
0.1,11.897,2.1165
0.1,11.889,2.1165
0.1,11.881,2.1163
0.1,11.872,2.1163
0.1,11.864,2.1163
0.1,11.856,2.1161
0.1,11.847,2.1161
0.1,11.839,2.1159
0.1,11.831,2.1159
0.1,11.822,2.1156
0.1,11.814,2.1156
0.1,11.806,2.1154
0.1,11.797,2.1154
0.1,11.789,2.1152
0.1,11.781,2.1152
0.1,11.772,2.115
0.1,11.764,2.115
0.1,11.756,2.1147
0.1,11.747,2.1147
0.1,11.739,2.1145
0.1,11.731,2.1145
0.1,11.722,2.1143
0.1,11.714,2.1143
0.1,11.706,2.1143
0.1,11.697,2.1141
0.1,11.689,2.1138
0.1,11.681,2.1138
0.1,11.672,2.1136
0.1,11.664,2.1136
0.1,11.656,2.1134
0.1,11.647,2.1134
0.1,11.639,2.1131
0.1,11.631,2.1131
0.1,11.622,2.1129
0.1,11.614,2.1129
0.1,11.606,2.1127
0.1,11.597,2.1127
0.1,11.589,2.1127
0.1,11.581,2.1125
0.1,11.572,2.1125
0.1,11.564,2.1122
0.1,11.556,2.1122
0.1,11.547,2.112
0.1,11.539,2.112
0.1,11.531,2.1118
0.1,11.522,2.1118
0.1,11.514,2.1116
0.1,11.506,2.1116
0.1,11.497,2.1113
0.1,11.489,2.1113
0.1,11.481,2.1113
0.1,11.472,2.1111
0.1,11.464,2.1109
0.1,11.456,2.1109
0.1,11.447,2.1109
0.1,11.439,2.1107
0.1,11.431,2.1104
0.1,11.422,2.1104
0.1,11.414,2.1104
0.1,11.406,2.1102
0.1,11.397,2.11
0.1,11.389,2.11
0.1,11.381,2.11
0.1,11.372,2.1098
0.1,11.364,2.1098
0.1,11.356,2.1098
0.1,11.347,2.1093
0.1,11.339,2.1093
0.1,11.331,2.1093
0.1,11.322,2.1091
0.1,11.314,2.1091
0.1,11.306,2.1089
0.1,11.297,2.1089
0.1,11.289,2.1086
0.1,11.281,2.1086
0.1,11.272,2.1084
0.1,11.264,2.1084
0.1,11.256,2.1084
0.1,11.247,2.1082
0.1,11.239,2.108
0.1,11.231,2.108
0.1,11.222,2.1077
0.1,11.214,2.1077
0.1,11.206,2.1077
0.1,11.197,2.1075
0.1,11.189,2.1073
0.1,11.181,2.1073
0.1,11.172,2.1071
0.1,11.164,2.1071
0.1,11.156,2.1068
0.1,11.147,2.1068
0.1,11.139,2.1068
0.1,11.131,2.1068
0.1,11.122,2.1066
0.1,11.114,2.1064
0.1,11.106,2.1062
0.1,11.097,2.1062
0.1,11.089,2.1059
0.1,11.081,2.1059
0.1,11.072,2.1057
0.1,11.064,2.1057
0.1,11.056,2.1057
0.1,11.047,2.1055
0.1,11.039,2.1055
0.1,11.031,2.1052
0.1,11.022,2.105
0.1,11.014,2.105
0.1,11.006,2.105
0.1,10.998,2.1048
0.1,10.989,2.1048
0.1,10.981,2.1046
0.1,10.973,2.1043
0.1,10.964,2.1043
0.1,10.956,2.1043
0.1,10.948,2.1041
0.1,10.939,2.1041
0.1,10.931,2.1039
0.1,10.923,2.1037
0.1,10.914,2.1037
0.1,10.906,2.1034
0.1,10.898,2.1034
0.1,10.889,2.1034
0.1,10.881,2.1032
0.1,10.873,2.103
0.1,10.864,2.103
0.1,10.856,2.103
0.1,10.848,2.1028
0.1,10.839,2.1028
0.1,10.831,2.1025
0.1,10.823,2.1025
0.1,10.814,2.1023
0.1,10.806,2.1023
0.1,10.798,2.1021
0.1,10.789,2.1019
0.1,10.781,2.1019
0.1,10.773,2.1016
0.1,10.764,2.1016
0.1,10.756,2.1014
0.1,10.748,2.1014
0.1,10.739,2.1012
0.1,10.731,2.101
0.1,10.723,2.101
0.1,10.714,2.101
0.1,10.706,2.101
0.1,10.698,2.1007
0.1,10.689,2.1005
0.1,10.681,2.1005
0.1,10.673,2.1003
0.1,10.664,2.1003
0.1,10.656,2.1001
0.1,10.648,2.1001
0.1,10.639,2.1001
0.1,10.631,2.0998
0.1,10.623,2.0996
0.1,10.614,2.0996
0.1,10.606,2.0994
0.1,10.598,2.0994
0.1,10.589,2.0992
0.1,10.581,2.0989
0.1,10.573,2.0989
0.1,10.564,2.0989
0.1,10.556,2.0987
0.1,10.548,2.0985
0.1,10.539,2.0985
0.1,10.531,2.0985
0.1,10.523,2.0983
0.1,10.514,2.0983
0.1,10.506,2.098
0.1,10.498,2.0978
0.1,10.489,2.0978
0.1,10.481,2.0976
0.1,10.473,2.0976
0.1,10.464,2.0973
0.1,10.456,2.0973
0.1,10.448,2.0973
0.1,10.439,2.0971
0.1,10.431,2.0969
0.1,10.423,2.0967
0.1,10.414,2.0967
0.1,10.406,2.0967
0.1,10.398,2.0964
0.1,10.389,2.0964
0.1,10.381,2.0962
0.1,10.373,2.0962
0.1,10.364,2.096
0.1,10.356,2.096
0.1,10.348,2.0958
0.1,10.339,2.0958
0.1,10.331,2.0955
0.1,10.323,2.0953
0.1,10.314,2.0953
0.1,10.306,2.0951
0.1,10.298,2.0951
0.1,10.289,2.0949
0.1,10.281,2.0949
0.1,10.273,2.0946
0.1,10.264,2.0946
0.1,10.256,2.0944
0.1,10.248,2.0942
0.1,10.239,2.0942
0.1,10.231,2.094
0.1,10.223,2.094
0.1,10.214,2.0937
0.1,10.206,2.0937
0.1,10.198,2.0935
0.1,10.189,2.0935
0.1,10.181,2.0933
0.1,10.173,2.0933
0.1,10.164,2.0933
0.1,10.156,2.0931
0.1,10.148,2.0928
0.1,10.139,2.0928
0.1,10.131,2.0926
0.1,10.123,2.0926
0.1,10.114,2.0924
0.1,10.106,2.0924
0.1,10.098,2.0922
0.1,10.089,2.0919
0.1,10.081,2.0919
0.1,10.073,2.0919
0.1,10.064,2.0915
0.1,10.056,2.0915
0.1,10.048,2.0915
0.1,10.039,2.0913
0.1,10.031,2.091
0.1,10.023,2.091
0.1,10.014,2.0908
0.1,10.006,2.0908
0.1,9.9977,2.0906
0.1,9.9894,2.0906
0.1,9.9811,2.0904
0.1,9.9728,2.0904
0.1,9.9644,2.0901
0.1,9.9561,2.0901
0.1,9.9478,2.0899
0.1,9.9394,2.0897
0.1,9.9311,2.0897
0.1,9.9228,2.0897
0.1,9.9144,2.0894
0.1,9.9061,2.089
0.1,9.8978,2.089
0.1,9.8894,2.0888
0.1,9.8811,2.089
0.1,9.8728,2.0888
0.1,9.8644,2.0888
0.1,9.8561,2.0885
0.1,9.8478,2.0885
0.1,9.8395,2.0883
0.1,9.8311,2.0881
0.1,9.8228,2.0881
0.1,9.8145,2.0879
0.1,9.8061,2.0876
0.1,9.7978,2.0876
0.1,9.7895,2.0876
0.1,9.7811,2.0874
0.1,9.7728,2.0872
0.1,9.7645,2.0872
0.1,9.7561,2.087
0.1,9.7478,2.087
0.1,9.7395,2.087
0.1,9.7311,2.0867
0.1,9.7228,2.0865
0.1,9.7145,2.0863
0.1,9.7062,2.0863
0.1,9.6978,2.0861
0.1,9.6895,2.0861
0.1,9.6812,2.0858
0.1,9.6728,2.0854
0.1,9.6645,2.0854
0.1,9.6562,2.0852
0.1,9.6478,2.0852
0.1,9.6395,2.0854
0.1,9.6312,2.0852
0.1,9.6228,2.0849
0.1,9.6145,2.0849
0.1,9.6062,2.0847
0.1,9.5978,2.0843
0.1,9.5895,2.084
0.1,9.5812,2.084
0.1,9.5729,2.0838
0.1,9.5645,2.0838
0.1,9.5562,2.084
0.1,9.5479,2.0838
0.1,9.5395,2.0838
0.1,9.5312,2.0836
0.1,9.5229,2.0834
0.1,9.5145,2.0829
0.1,9.5062,2.0829
0.1,9.4979,2.0827
0.1,9.4895,2.0827
0.1,9.4812,2.0825
0.1,9.4729,2.0825
0.1,9.4645,2.0822
0.1,9.4562,2.082
0.1,9.4479,2.082
0.1,9.4396,2.082
0.1,9.4312,2.0818
0.1,9.4229,2.0815
0.1,9.4146,2.0813
0.1,9.4062,2.0813
0.1,9.3979,2.0811
0.1,9.3896,2.0811
0.1,9.3812,2.0809
0.1,9.3729,2.0806
0.1,9.3646,2.0809
0.1,9.3562,2.0806
0.1,9.3479,2.0809
0.1,9.3396,2.0804
0.1,9.3313,2.0802
0.1,9.3229,2.0802
0.1,9.3146,2.0802
0.1,9.3063,2.0797
0.1,9.2979,2.0795
0.1,9.2896,2.0795
0.1,9.2813,2.0793
0.1,9.2729,2.0791
0.1,9.2646,2.0791
0.1,9.2563,2.0788
0.1,9.2479,2.0786
0.1,9.2396,2.0786
0.1,9.2313,2.0786
0.1,9.2229,2.0784
0.1,9.2146,2.0782
0.1,9.2063,2.0782
0.1,9.198,2.0779
0.1,9.1896,2.0777
0.1,9.1813,2.0777
0.1,9.173,2.0775
0.1,9.1646,2.0773
0.1,9.1563,2.0773
0.1,9.148,2.077
0.1,9.1396,2.077
0.1,9.1313,2.0768
0.1,9.123,2.0768
0.1,9.1146,2.0768
0.1,9.1063,2.0766
0.1,9.098,2.0766
0.1,9.0896,2.0764
0.1,9.0813,2.0764
0.1,9.073,2.0759
0.1,9.0647,2.0757
0.1,9.0563,2.0755
0.1,9.048,2.0755
0.1,9.0397,2.0755
0.1,9.0313,2.0752
0.1,9.023,2.075
0.1,9.0147,2.075
0.1,9.0063,2.0748
0.1,8.998,2.0748
0.1,8.9897,2.0746
0.1,8.9813,2.0746
0.1,8.973,2.0743
0.1,8.9647,2.0741
0.1,8.9563,2.0741
0.1,8.948,2.0739
0.1,8.9397,2.0736
0.1,8.9314,2.0736
0.1,8.923,2.0734
0.1,8.9147,2.0734
0.1,8.9064,2.0732
0.1,8.898,2.073
0.1,8.8897,2.073
0.1,8.8814,2.0727
0.1,8.873,2.0727
0.1,8.8647,2.0725
0.1,8.8564,2.0723
0.1,8.848,2.0723
0.1,8.8397,2.0721
0.1,8.8314,2.0718
0.1,8.823,2.0718
0.1,8.8147,2.0716
0.1,8.8064,2.0716
0.1,8.7981,2.0714
0.1,8.7897,2.0712
0.1,8.7814,2.0712
0.1,8.7731,2.0709
0.1,8.7647,2.0707
0.1,8.7564,2.0707
0.1,8.7481,2.0705
0.1,8.7397,2.0705
0.1,8.7314,2.0703
0.1,8.7231,2.07
0.1,8.7147,2.0698
0.1,8.7064,2.0698
0.1,8.6981,2.0696
0.1,8.6898,2.0696
0.1,8.6814,2.0696
0.1,8.6731,2.0691
0.1,8.6648,2.0691
0.1,8.6564,2.0689
0.1,8.6481,2.0689
0.1,8.6398,2.0687
0.1,8.6314,2.0685
0.1,8.6231,2.0685
0.1,8.6148,2.0682
0.1,8.6064,2.068
0.1,8.5981,2.068
0.1,8.5898,2.0678
0.1,8.5814,2.0678
0.1,8.5731,2.0676
0.1,8.5648,2.0676
0.1,8.5565,2.0673
0.1,8.5481,2.0671
0.1,8.5398,2.0669
0.1,8.5315,2.0669
0.1,8.5231,2.0667
0.1,8.5148,2.0664
0.1,8.5065,2.0664
0.1,8.4981,2.0662
0.1,8.4898,2.066
0.1,8.4815,2.066
0.1,8.4731,2.0657
0.1,8.4648,2.0655
0.1,8.4565,2.0655
0.1,8.4481,2.0653
0.1,8.4398,2.0653
0.1,8.4315,2.0651
0.1,8.4232,2.0648
0.1,8.4148,2.0648
0.1,8.4065,2.0646
0.1,8.3982,2.0644
0.1,8.3898,2.0644
0.1,8.3815,2.0642
0.1,8.3732,2.0642
0.1,8.3648,2.0639
0.1,8.3565,2.0637
0.1,8.3482,2.0637
0.1,8.3398,2.0635
0.1,8.3315,2.0633
0.1,8.3232,2.0633
0.1,8.3148,2.063
0.1,8.3065,2.0628
0.1,8.2982,2.0628
0.1,8.2899,2.0626
0.1,8.2815,2.0624
0.1,8.2732,2.0624
0.1,8.2649,2.0621
0.1,8.2565,2.0621
0.1,8.2482,2.0619
0.1,8.2399,2.0619
0.1,8.2315,2.0617
0.1,8.2232,2.0615
0.1,8.2149,2.0615
0.1,8.2065,2.061
0.1,8.1982,2.061
0.1,8.1899,2.0608
0.1,8.1815,2.0606
0.1,8.1732,2.0606
0.1,8.1649,2.0603
0.1,8.1566,2.0603
0.1,8.1482,2.0601
0.1,8.1399,2.0601
0.1,8.1316,2.0599
0.1,8.1232,2.0597
0.1,8.1149,2.0597
0.1,8.1066,2.0592
0.1,8.0982,2.0592
0.1,8.0899,2.0592
0.1,8.0816,2.059
0.1,8.0732,2.0588
0.1,8.0649,2.0585
0.1,8.0566,2.0585
0.1,8.0482,2.0583
0.1,8.0399,2.0583
0.1,8.0316,2.0581
0.1,8.0233,2.0581
0.1,8.0149,2.0578
0.1,8.0066,2.0576
0.1,7.9983,2.0574
0.1,7.9899,2.0572
0.1,7.9816,2.0572
0.1,7.9733,2.0569
0.1,7.9649,2.0569
0.1,7.9566,2.0567
0.1,7.9483,2.0565
0.1,7.9399,2.0565
0.1,7.9316,2.0563
0.1,7.9233,2.0563
0.1,7.9149,2.056
0.1,7.9066,2.0558
0.1,7.8983,2.0556
0.1,7.89,2.0556
0.1,7.8816,2.0554
0.1,7.8733,2.0551
0.1,7.865,2.0549
0.1,7.8566,2.0549
0.1,7.8483,2.0547
0.1,7.84,2.0545
0.1,7.8316,2.0545
0.1,7.8233,2.0542
0.1,7.815,2.054
0.1,7.8066,2.0538
0.1,7.7983,2.0538
0.1,7.79,2.0536
0.1,7.7816,2.0533
0.1,7.7733,2.0533
0.1,7.765,2.0531
0.1,7.7567,2.0531
0.1,7.7483,2.0529
0.1,7.74,2.0527
0.1,7.7317,2.0524
0.1,7.7233,2.0524
0.1,7.715,2.0522
0.1,7.7067,2.052
0.1,7.6983,2.0518
0.1,7.69,2.0518
0.1,7.6817,2.0515
0.1,7.6733,2.0513
0.1,7.665,2.0513
0.1,7.6567,2.0511
0.1,7.6483,2.0509
0.1,7.64,2.0509
0.1,7.6317,2.0506
0.1,7.6234,2.0504
0.1,7.615,2.0504
0.1,7.6067,2.0502
0.1,7.5984,2.0499
0.1,7.59,2.0497
0.1,7.5817,2.0497
0.1,7.5734,2.0495
0.1,7.565,2.0493
0.1,7.5567,2.0493
0.1,7.5484,2.049
0.1,7.54,2.049
0.1,7.5317,2.0488
0.1,7.5234,2.0486
0.1,7.515,2.0484
0.1,7.5067,2.0484
0.1,7.4984,2.0481
0.1,7.49,2.0479
0.1,7.4817,2.0477
0.1,7.4734,2.0477
0.1,7.4651,2.0475
0.1,7.4567,2.0475
0.1,7.4484,2.0472
0.1,7.4401,2.047
0.1,7.4317,2.047
0.1,7.4234,2.0468
0.1,7.4151,2.0466
0.1,7.4067,2.0466
0.1,7.3984,2.0463
0.1,7.3901,2.0461
0.1,7.3817,2.0459
0.1,7.3734,2.0457
0.1,7.3651,2.0457
0.1,7.3567,2.0457
0.1,7.3484,2.0452
0.1,7.3401,2.0452
0.1,7.3318,2.045
0.1,7.3234,2.0448
0.1,7.3151,2.0445
0.1,7.3068,2.0443
0.1,7.2984,2.0443
0.1,7.2901,2.0441
0.1,7.2818,2.0441
0.1,7.2734,2.0439
0.1,7.2651,2.0436
0.1,7.2568,2.0436
0.1,7.2484,2.0434
0.1,7.2401,2.0434
0.1,7.2318,2.0432
0.1,7.2234,2.043
0.1,7.2151,2.0427
0.1,7.2068,2.0425
0.1,7.1985,2.0425
0.1,7.1901,2.0423
0.1,7.1818,2.042
0.1,7.1735,2.042
0.1,7.1651,2.0418
0.1,7.1568,2.0416
0.1,7.1485,2.0416
0.1,7.1401,2.0414
0.1,7.1318,2.0411
0.1,7.1235,2.0409
0.1,7.1151,2.0407
0.1,7.1068,2.0407
0.1,7.0985,2.0405
0.1,7.0901,2.0402
0.1,7.0818,2.0402
0.1,7.0735,2.04
0.1,7.0652,2.0398
0.1,7.0568,2.0398
0.1,7.0485,2.0396
0.1,7.0402,2.0393
0.1,7.0318,2.0391
0.1,7.0235,2.0389
0.1,7.0152,2.0389
0.1,7.0068,2.0387
0.1,6.9985,2.0384
0.1,6.9902,2.0384
0.1,6.9818,2.0382
0.1,6.9735,2.038
0.1,6.9652,2.0378
0.1,6.9568,2.0375
0.1,6.9485,2.0375
0.1,6.9402,2.0373
0.1,6.9319,2.0371
0.1,6.9235,2.0371
0.1,6.9152,2.0369
0.1,6.9069,2.0366
0.1,6.8985,2.0366
0.1,6.8902,2.0364
0.1,6.8819,2.0362
0.1,6.8735,2.036
0.1,6.8652,2.036
0.1,6.8569,2.0357
0.1,6.8485,2.0355
0.1,6.8402,2.0353
0.1,6.8319,2.0353
0.1,6.8235,2.0351
0.1,6.8152,2.0348
0.1,6.8069,2.0348
0.1,6.7986,2.0346
0.1,6.7902,2.0344
0.1,6.7819,2.0341
0.1,6.7736,2.0339
0.1,6.7652,2.0339
0.1,6.7569,2.0337
0.1,6.7486,2.0335
0.1,6.7402,2.0332
0.1,6.7319,2.0332
0.1,6.7236,2.033
0.1,6.7152,2.0328
0.1,6.7069,2.0326
0.1,6.6986,2.0326
0.1,6.6902,2.0323
0.1,6.6819,2.0321
0.1,6.6736,2.0319
0.1,6.6653,2.0319
0.1,6.6569,2.0317
0.1,6.6486,2.0314
0.1,6.6403,2.0312
0.1,6.6319,2.0312
0.1,6.6236,2.031
0.1,6.6153,2.0308
0.1,6.6069,2.0308
0.1,6.5986,2.0305
0.1,6.5903,2.0303
0.1,6.5819,2.0301
0.1,6.5736,2.0299
0.1,6.5653,2.0299
0.1,6.5569,2.0296
0.1,6.5486,2.0296
0.1,6.5403,2.0294
0.1,6.532,2.0292
0.1,6.5236,2.029
0.1,6.5153,2.029
0.1,6.507,2.0287
0.1,6.4986,2.0285
0.1,6.4903,2.0283
0.1,6.482,2.0281
0.1,6.4736,2.0281
0.1,6.4653,2.0278
0.1,6.457,2.0276
0.1,6.4486,2.0276
0.1,6.4403,2.0274
0.1,6.432,2.0271
0.1,6.4236,2.0269
0.1,6.4153,2.0267
0.1,6.407,2.0265
0.1,6.3987,2.0265
0.1,6.3903,2.0262
0.1,6.382,2.026
0.1,6.3737,2.026
0.1,6.3653,2.0258
0.1,6.357,2.0256
0.1,6.3487,2.0253
0.1,6.3403,2.0251
0.1,6.332,2.0249
0.1,6.3237,2.0249
0.1,6.3153,2.0247
0.1,6.307,2.0244
0.1,6.2987,2.0242
0.1,6.2903,2.0242
0.1,6.282,2.024
0.1,6.2737,2.0238
0.1,6.2654,2.0235
0.1,6.257,2.0235
0.1,6.2487,2.0233
0.1,6.2404,2.0231
0.1,6.232,2.0229
0.1,6.2237,2.0226
0.1,6.2154,2.0226
0.1,6.207,2.0224
0.1,6.1987,2.0222
0.1,6.1904,2.022
0.1,6.182,2.022
0.1,6.1737,2.0217
0.1,6.1654,2.0215
0.1,6.157,2.0213
0.1,6.1487,2.0211
0.1,6.1404,2.0211
0.1,6.1321,2.0208
0.1,6.1237,2.0206
0.1,6.1154,2.0204
0.1,6.1071,2.0204
0.1,6.0987,2.0202
0.1,6.0904,2.0199
0.1,6.0821,2.0199
0.1,6.0737,2.0197
0.1,6.0654,2.0195
0.1,6.0571,2.0192
0.1,6.0487,2.019
0.1,6.0404,2.019
0.1,6.0321,2.0188
0.1,6.0237,2.0186
0.1,6.0154,2.0183
0.1,6.0071,2.0181
0.1,5.9988,2.0181
0.1,5.9904,2.0179
0.1,5.9821,2.0177
0.1,5.9738,2.0174
0.1,5.9654,2.0172
0.1,5.9571,2.0172
0.1,5.9488,2.017
0.1,5.9404,2.0168
0.1,5.9321,2.0165
0.1,5.9238,2.0165
0.1,5.9154,2.0163
0.1,5.9071,2.0161
0.1,5.8988,2.0159
0.1,5.8904,2.0159
0.1,5.8821,2.0156
0.1,5.8738,2.0154
0.1,5.8655,2.0152
0.1,5.8571,2.015
0.1,5.8488,2.015
0.1,5.8405,2.0147
0.1,5.8321,2.0145
0.1,5.8238,2.0145
0.1,5.8155,2.0141
0.1,5.8071,2.0141
0.1,5.7988,2.0138
0.1,5.7905,2.0136
0.1,5.7821,2.0134
0.1,5.7738,2.0132
0.1,5.7655,2.0132
0.1,5.7571,2.0129
0.1,5.7488,2.0127
0.1,5.7405,2.0125
0.1,5.7322,2.0123
0.1,5.7238,2.012
0.1,5.7155,2.012
0.1,5.7072,2.0118
0.1,5.6988,2.0116
0.1,5.6905,2.0113
0.1,5.6822,2.0113
0.1,5.6738,2.0111
0.1,5.6655,2.0109
0.1,5.6572,2.0107
0.1,5.6488,2.0104
0.1,5.6405,2.0102
0.1,5.6322,2.01
0.1,5.6238,2.01
0.1,5.6155,2.0098
0.1,5.6072,2.0095
0.1,5.5989,2.0093
0.1,5.5905,2.0093
0.1,5.5822,2.0091
0.1,5.5739,2.0089
0.1,5.5655,2.0086
0.1,5.5572,2.0084
0.1,5.5489,2.0082
0.1,5.5405,2.008
0.1,5.5322,2.0077
0.1,5.5239,2.0077
0.1,5.5155,2.0075
0.1,5.5072,2.0073
0.1,5.4989,2.0071
0.1,5.4905,2.0068
0.1,5.4822,2.0068
0.1,5.4739,2.0066
0.1,5.4656,2.0064
0.1,5.4572,2.0062
0.1,5.4489,2.0059
0.1,5.4406,2.0059
0.1,5.4322,2.0057
0.1,5.4239,2.0055
0.1,5.4156,2.0053
0.1,5.4072,2.005
0.1,5.3989,2.0048
0.1,5.3906,2.0046
0.1,5.3822,2.0046
0.1,5.3739,2.0044
0.1,5.3656,2.0041
0.1,5.3572,2.0039
0.1,5.3489,2.0037
0.1,5.3406,2.0034
0.1,5.3323,2.0034
0.1,5.3239,2.0032
0.1,5.3156,2.003
0.1,5.3073,2.0028
0.1,5.2989,2.0028
0.1,5.2906,2.0025
0.1,5.2823,2.0023
0.1,5.2739,2.0021
0.1,5.2656,2.0019
0.1,5.2573,2.0016
0.1,5.2489,2.0014
0.1,5.2406,2.0014
0.1,5.2323,2.0012
0.1,5.2239,2.001
0.1,5.2156,2.0007
0.1,5.2073,2.0005
0.1,5.1989,2.0003
0.1,5.1906,2.0001
0.1,5.1823,2.0001
0.1,5.174,1.9998
0.1,5.1656,1.9996
0.1,5.1573,1.9994
0.1,5.149,1.9992
0.1,5.1406,1.9989
0.1,5.1323,1.9989
0.1,5.124,1.9987
0.1,5.1156,1.9985
0.1,5.1073,1.9983
0.1,5.099,1.998
0.1,5.0906,1.9978
0.1,5.0823,1.9976
0.1,5.074,1.9974
0.1,5.0656,1.9974
0.1,5.0573,1.9971
0.1,5.049,1.9969
0.1,5.0407,1.9967
0.1,5.0323,1.9965
0.1,5.024,1.9965
0.1,5.0157,1.9962
0.1,5.0073,1.996
0.1,4.999,1.9958
0.1,4.9907,1.9955
0.1,4.9823,1.9953
0.1,4.974,1.9951
0.1,4.9657,1.9949
0.1,4.9573,1.9946
0.1,4.949,1.9946
0.1,4.9407,1.9944
0.1,4.9323,1.9942
0.1,4.924,1.994
0.1,4.9157,1.9937
0.1,4.9074,1.9935
0.1,4.899,1.9933
0.1,4.8907,1.9931
0.1,4.8824,1.9928
0.1,4.874,1.9926
0.1,4.8657,1.9926
0.1,4.8574,1.9924
0.1,4.849,1.9922
0.1,4.8407,1.9919
0.1,4.8324,1.9917
0.1,4.824,1.9915
0.1,4.8157,1.9913
0.1,4.8074,1.991
0.1,4.799,1.991
0.1,4.7907,1.9906
0.1,4.7824,1.9904
0.1,4.7741,1.9901
0.1,4.7657,1.9899
0.1,4.7574,1.9899
0.1,4.7491,1.9897
0.1,4.7407,1.9895
0.1,4.7324,1.989
0.1,4.7241,1.9888
0.1,4.7157,1.9888
0.1,4.7074,1.9886
0.1,4.6991,1.9883
0.1,4.6907,1.9881
0.1,4.6824,1.9879
0.1,4.6741,1.9876
0.1,4.6657,1.9874
0.1,4.6574,1.9874
0.1,4.6491,1.987
0.1,4.6408,1.9867
0.1,4.6324,1.9865
0.1,4.6241,1.9865
0.1,4.6158,1.9863
0.1,4.6074,1.9861
0.1,4.5991,1.9858
0.1,4.5908,1.9856
0.1,4.5824,1.9854
0.1,4.5741,1.9852
0.1,4.5658,1.9849
0.1,4.5574,1.9847
0.1,4.5491,1.9845
0.1,4.5408,1.9843
0.1,4.5324,1.984
0.1,4.5241,1.984
0.1,4.5158,1.9838
0.1,4.5075,1.9834
0.1,4.4991,1.9834
0.1,4.4908,1.9831
0.1,4.4825,1.9829
0.1,4.4741,1.9827
0.1,4.4658,1.9825
0.1,4.4575,1.9822
0.1,4.4491,1.982
0.1,4.4408,1.9818
0.1,4.4325,1.9816
0.1,4.4241,1.9813
0.1,4.4158,1.9811
0.1,4.4075,1.9809
0.1,4.3991,1.9807
0.1,4.3908,1.9807
0.1,4.3825,1.9804
0.1,4.3742,1.9802
0.1,4.3658,1.9797
0.1,4.3575,1.9797
0.1,4.3492,1.9795
0.1,4.3408,1.9793
0.1,4.3325,1.9791
0.1,4.3242,1.9788
0.1,4.3158,1.9786
0.1,4.3075,1.9784
0.1,4.2992,1.9782
0.1,4.2908,1.9779
0.1,4.2825,1.9777
0.1,4.2742,1.9775
0.1,4.2658,1.9775
0.1,4.2575,1.977
0.1,4.2492,1.977
0.1,4.2409,1.9768
0.1,4.2325,1.9766
0.1,4.2242,1.9761
0.1,4.2159,1.9759
0.1,4.2075,1.9757
0.1,4.1992,1.9755
0.1,4.1909,1.9752
0.1,4.1825,1.975
0.1,4.1742,1.975
0.1,4.1659,1.9748
0.1,4.1575,1.9743
0.1,4.1492,1.9741
0.1,4.1409,1.9739
0.1,4.1325,1.9737
0.1,4.1242,1.9734
0.1,4.1159,1.9732
0.1,4.1076,1.973
0.1,4.0992,1.9728
0.1,4.0909,1.9725
0.1,4.0826,1.9723
0.1,4.0742,1.9721
0.1,4.0659,1.9718
0.1,4.0576,1.9716
0.1,4.0492,1.9714
0.1,4.0409,1.9712
0.1,4.0326,1.9709
0.1,4.0242,1.9707
0.1,4.0159,1.9703
0.1,4.0076,1.97
0.1,3.9992,1.9698
0.1,3.9909,1.9698
0.1,3.9826,1.9694
0.1,3.9743,1.9691
0.1,3.9659,1.9689
0.1,3.9576,1.9687
0.1,3.9493,1.9685
0.1,3.9409,1.9682
0.1,3.9326,1.968
0.1,3.9243,1.9676
0.1,3.9159,1.9676
0.1,3.9076,1.9671
0.1,3.8993,1.9669
0.1,3.8909,1.9667
0.1,3.8826,1.9664
0.1,3.8743,1.9662
0.1,3.8659,1.966
0.1,3.8576,1.9658
0.1,3.8493,1.9653
0.1,3.841,1.9653
0.1,3.8326,1.9649
0.1,3.8243,1.9646
0.1,3.816,1.9644
0.1,3.8076,1.9642
0.1,3.7993,1.9639
0.1,3.791,1.9637
0.1,3.7826,1.9635
0.1,3.7743,1.9633
0.1,3.766,1.963
0.1,3.7576,1.9628
0.1,3.7493,1.9626
0.1,3.741,1.9624
0.1,3.7326,1.9621
0.1,3.7243,1.9617
0.1,3.716,1.9615
0.1,3.7077,1.9612
0.1,3.6993,1.961
0.1,3.691,1.9608
0.1,3.6827,1.9606
0.1,3.6743,1.9603
0.1,3.666,1.9601
0.1,3.6577,1.9599
0.1,3.6493,1.9594
0.1,3.641,1.9594
0.1,3.6327,1.9592
0.1,3.6243,1.9588
0.1,3.616,1.9585
0.1,3.6077,1.9583
0.1,3.5993,1.9581
0.1,3.591,1.9579
0.1,3.5827,1.9576
0.1,3.5744,1.9574
0.1,3.566,1.9572
0.1,3.5577,1.9567
0.1,3.5494,1.9565
0.1,3.541,1.9563
0.1,3.5327,1.956
0.1,3.5244,1.9558
0.1,3.516,1.9556
0.1,3.5077,1.9554
0.1,3.4994,1.9551
0.1,3.491,1.9549
0.1,3.4827,1.9545
0.1,3.4744,1.9542
0.1,3.466,1.954
0.1,3.4577,1.9536
0.1,3.4494,1.9533
0.1,3.441,1.9531
0.1,3.4327,1.9529
0.1,3.4244,1.9527
0.1,3.4161,1.9522
0.1,3.4077,1.9522
0.1,3.3994,1.9518
0.1,3.3911,1.9515
0.1,3.3827,1.9513
0.1,3.3744,1.9509
0.1,3.3661,1.9506
0.1,3.3577,1.9504
0.1,3.3494,1.9502
0.1,3.3411,1.95
0.1,3.3327,1.9495
0.1,3.3244,1.9493
0.1,3.3161,1.9491
0.1,3.3077,1.9486
0.1,3.2994,1.9484
0.1,3.2911,1.9481
0.1,3.2828,1.9477
0.1,3.2744,1.9475
0.1,3.2661,1.9472
0.1,3.2578,1.947
0.1,3.2494,1.9466
0.1,3.2411,1.9463
0.1,3.2328,1.9461
0.1,3.2244,1.9459
0.1,3.2161,1.9454
0.1,3.2078,1.9452
0.1,3.1994,1.9448
0.1,3.1911,1.9445
0.1,3.1828,1.9443
0.1,3.1744,1.9439
0.1,3.1661,1.9436
0.1,3.1578,1.9432
0.1,3.1495,1.943
0.1,3.1411,1.9427
0.1,3.1328,1.9423
0.1,3.1245,1.9421
0.1,3.1161,1.9418
0.1,3.1078,1.9414
0.1,3.0995,1.9412
0.1,3.0911,1.9409
0.1,3.0828,1.9407
0.1,3.0745,1.9402
0.1,3.0661,1.94
0.1,3.0578,1.9396
0.1,3.0495,1.9393
0.1,3.0411,1.9391
0.1,3.0328,1.9389
0.1,3.0245,1.9384
0.1,3.0162,1.9382
0.1,3.0078,1.9378
0.1,2.9995,1.9375
0.1,2.9912,1.9373
0.1,2.9828,1.9369
0.1,2.9745,1.9366
0.1,2.9662,1.9364
0.1,2.9578,1.936
0.1,2.9495,1.9357
0.1,2.9412,1.9355
0.1,2.9328,1.9351
0.1,2.9245,1.9348
0.1,2.9162,1.9346
0.1,2.9078,1.9342
0.1,2.8995,1.9339
0.1,2.8912,1.9335
0.1,2.8829,1.9333
0.1,2.8745,1.9328
0.1,2.8662,1.9326
0.1,2.8579,1.9323
0.1,2.8495,1.9319
0.1,2.8412,1.9317
0.1,2.8329,1.9314
0.1,2.8245,1.931
0.1,2.8162,1.9308
0.1,2.8079,1.9305
0.1,2.7995,1.9301
0.1,2.7912,1.9296
0.1,2.7829,1.9294
0.1,2.7745,1.9292
0.1,2.7662,1.9287
0.1,2.7579,1.9285
0.1,2.7496,1.9281
0.1,2.7412,1.9278
0.1,2.7329,1.9274
0.1,2.7246,1.9269
0.1,2.7162,1.9267
0.1,2.7079,1.9265
0.1,2.6996,1.926
0.1,2.6912,1.9256
0.1,2.6829,1.9251
0.1,2.6746,1.9249
0.1,2.6662,1.9244
0.1,2.6579,1.924
0.1,2.6496,1.9238
0.1,2.6412,1.9233
0.1,2.6329,1.9229
0.1,2.6246,1.9226
0.1,2.6163,1.9222
0.1,2.6079,1.9217
0.1,2.5996,1.9213
0.1,2.5913,1.9211
0.1,2.5829,1.9206
0.1,2.5746,1.9202
0.1,2.5663,1.9197
0.1,2.5579,1.9193
0.1,2.5496,1.919
0.1,2.5413,1.9184
0.1,2.5329,1.9179
0.1,2.5246,1.9177
0.1,2.5163,1.9172
0.1,2.5079,1.9168
0.1,2.4996,1.9163
0.1,2.4913,1.9159
0.1,2.483,1.9156
0.1,2.4746,1.9152
0.1,2.4663,1.9147
0.1,2.458,1.9143
0.1,2.4496,1.9138
0.1,2.4413,1.9134
0.1,2.433,1.9129
0.1,2.4246,1.9125
0.1,2.4163,1.912
0.1,2.408,1.9116
0.1,2.3996,1.9111
0.1,2.3913,1.9107
0.1,2.383,1.9102
0.1,2.3746,1.91
0.1,2.3663,1.9093
0.1,2.358,1.9089
0.1,2.3497,1.9086
0.1,2.3413,1.9082
0.1,2.333,1.9077
0.1,2.3247,1.9073
0.1,2.3163,1.9068
0.1,2.308,1.9064
0.1,2.2997,1.9062
0.1,2.2913,1.9055
0.1,2.283,1.9053
0.1,2.2747,1.9048
0.1,2.2663,1.9044
0.1,2.258,1.9039
0.1,2.2497,1.9035
0.1,2.2413,1.903
0.1,2.233,1.9026
0.1,2.2247,1.9021
0.1,2.2164,1.9017
0.1,2.208,1.9012
0.1,2.1997,1.9007
0.1,2.1914,1.9003
0.1,2.183,1.8998
0.1,2.1747,1.8994
0.1,2.1664,1.8989
0.1,2.158,1.8985
0.1,2.1497,1.898
0.1,2.1414,1.8976
0.1,2.133,1.8971
0.1,2.1247,1.8967
0.1,2.1164,1.8962
0.1,2.108,1.8958
0.1,2.0997,1.8953
0.1,2.0914,1.8947
0.1,2.0831,1.8942
0.1,2.0747,1.8938
0.1,2.0664,1.8933
0.1,2.0581,1.8928
0.1,2.0497,1.8924
0.1,2.0414,1.8919
0.1,2.0331,1.8915
0.1,2.0247,1.891
0.1,2.0164,1.8904
0.1,2.0081,1.8899
0.1,1.9997,1.8895
0.1,1.9914,1.889
0.1,1.9831,1.8883
0.1,1.9747,1.8879
0.1,1.9664,1.8872
0.1,1.9581,1.8868
0.1,1.9498,1.8863
0.1,1.9414,1.8856
0.1,1.9331,1.8849
0.1,1.9248,1.8845
0.1,1.9164,1.8838
0.1,1.9081,1.8831
0.1,1.8998,1.8827
0.1,1.8914,1.882
0.1,1.8831,1.8813
0.1,1.8748,1.8809
0.1,1.8664,1.8802
0.1,1.8581,1.8795
0.1,1.8498,1.8791
0.1,1.8414,1.8782
0.1,1.8331,1.8777
0.1,1.8248,1.877
0.1,1.8164,1.8764
0.1,1.8081,1.8757
0.1,1.7998,1.875
0.1,1.7915,1.8743
0.1,1.7831,1.8737
0.1,1.7748,1.873
0.1,1.7665,1.8723
0.1,1.7581,1.8716
0.1,1.7498,1.871
0.1,1.7415,1.8703
0.1,1.7331,1.8694
0.1,1.7248,1.8687
0.1,1.7165,1.868
0.1,1.7081,1.8673
0.1,1.6998,1.8664
0.1,1.6915,1.8658
0.1,1.6831,1.8651
0.1,1.6748,1.8644
0.1,1.6665,1.8635
0.1,1.6582,1.8628
0.1,1.6498,1.8622
0.1,1.6415,1.8615
0.1,1.6332,1.8608
0.1,1.6248,1.8601
0.1,1.6165,1.8594
0.1,1.6082,1.8585
0.1,1.5998,1.8579
0.1,1.5915,1.8572
0.1,1.5832,1.8565
0.1,1.5748,1.8556
0.1,1.5665,1.8549
0.1,1.5582,1.8543
0.1,1.5498,1.8536
0.1,1.5415,1.8527
0.1,1.5332,1.852
0.1,1.5249,1.8511
0.1,1.5165,1.8504
0.1,1.5082,1.8495
0.1,1.4999,1.8488
0.1,1.4915,1.8482
0.1,1.4832,1.8473
0.1,1.4749,1.8466
0.1,1.4665,1.8457
0.1,1.4582,1.845
0.1,1.4499,1.8441
0.1,1.4415,1.8434
0.1,1.4332,1.8425
0.1,1.4249,1.8418
0.1,1.4165,1.8412
0.1,1.4082,1.8403
0.1,1.3999,1.8394
0.1,1.3916,1.8385
0.1,1.3832,1.8378
0.1,1.3749,1.8369
0.1,1.3666,1.836
0.1,1.3582,1.8351
0.1,1.3499,1.8344
0.1,1.3416,1.8335
0.1,1.3332,1.8326
0.1,1.3249,1.8317
0.1,1.3166,1.8308
0.1,1.3082,1.8301
0.1,1.2999,1.8292
0.1,1.2916,1.8281
0.1,1.2832,1.8274
0.1,1.2749,1.8265
0.1,1.2666,1.8256
0.1,1.2583,1.8247
0.1,1.2499,1.8238
0.1,1.2416,1.8229
0.1,1.2333,1.822
0.1,1.2249,1.8211
0.1,1.2166,1.8199
0.1,1.2083,1.819
0.1,1.1999,1.8181
0.1,1.1916,1.817
0.1,1.1833,1.8159
0.1,1.1749,1.815
0.1,1.1666,1.8138
0.1,1.1583,1.8127
0.1,1.1499,1.8116
0.1,1.1416,1.8107
0.1,1.1333,1.8093
0.1,1.125,1.8082
0.1,1.1166,1.8073
0.1,1.1083,1.8062
0.1,1.1,1.805
0.1,1.0916,1.8037
0.1,1.0833,1.8026
0.1,1.075,1.8012
0.1,1.0666,1.8001
0.1,1.0583,1.7987
0.1,1.05,1.7976
0.1,1.0416,1.7962
0.1,1.0333,1.7949
0.1,1.025,1.7938
0.1,1.0166,1.7924
0.1,1.0083,1.7911
0.1,0.99998,1.7897
0.1,0.99165,1.7886
0.1,0.98332,1.7872
0.1,0.97499,1.7859
0.1,0.96666,1.7843
0.1,0.95833,1.7829
0.1,0.95,1.7816
0.1,0.94167,1.7802
0.1,0.93333,1.7789
0.1,0.925,1.7773
0.1,0.91667,1.7759
0.1,0.90834,1.7746
0.1,0.90001,1.773
0.1,0.89168,1.7716
0.1,0.88335,1.7701
0.1,0.87502,1.7687
0.1,0.86668,1.7674
0.1,0.85835,1.7658
0.1,0.85002,1.7644
0.1,0.84169,1.7628
0.1,0.83336,1.7615
0.1,0.82503,1.7599
0.1,0.8167,1.7585
0.1,0.80836,1.757
0.1,0.80003,1.7556
0.1,0.7917,1.754
0.1,0.78337,1.7525
0.1,0.77504,1.7511
0.1,0.76671,1.7495
0.1,0.75838,1.7479
0.1,0.75005,1.7464
0.1,0.74171,1.7448
0.1,0.73338,1.7432
0.1,0.72505,1.7416
0.1,0.71672,1.74
0.1,0.70839,1.7385
0.1,0.70006,1.7367
0.1,0.69173,1.7351
0.1,0.6834,1.7335
0.1,0.67506,1.7317
0.1,0.66673,1.7301
0.1,0.6584,1.7283
0.1,0.65007,1.7267
0.1,0.64174,1.7249
0.1,0.63341,1.7231
0.1,0.62508,1.7215
0.1,0.61675,1.7197
0.1,0.60841,1.7179
0.1,0.60008,1.7161
0.1,0.59175,1.7143
0.1,0.58342,1.7125
0.1,0.57509,1.7107
0.1,0.56676,1.7089
0.1,0.55843,1.7069
0.1,0.5501,1.7051
0.1,0.54176,1.7032
0.1,0.53343,1.7012
0.1,0.5251,1.6994
0.1,0.51677,1.6974
0.1,0.50844,1.6953
0.1,0.50011,1.6935
0.1,0.49178,1.6913
0.1,0.48344,1.6893
0.1,0.47511,1.6872
0.1,0.46678,1.685
0.1,0.45845,1.6829
0.1,0.45012,1.6807
0.1,0.44179,1.6782
0.1,0.43346,1.6759
0.1,0.42513,1.6737
0.1,0.41679,1.671
0.1,0.40846,1.6687
0.1,0.40013,1.6662
0.1,0.3918,1.6637
0.1,0.38347,1.661
0.1,0.37514,1.6586
0.1,0.36681,1.6561
0.1,0.35848,1.6534
0.1,0.35014,1.6507
0.1,0.34181,1.6479
0.1,0.33348,1.6452
0.1,0.32515,1.6423
0.1,0.31682,1.6394
0.1,0.30849,1.6367
0.1,0.30016,1.6335
0.1,0.29183,1.6306
0.1,0.28349,1.6276
0.1,0.27516,1.6245
0.1,0.26683,1.6215
0.1,0.2585,1.6184
0.1,0.25017,1.615
0.1,0.24184,1.6118
0.1,0.23351,1.6087
0.1,0.22518,1.6053
0.1,0.21684,1.6019
0.1,0.20851,1.5983
0.1,0.20018,1.5949
0.1,0.19185,1.5913
0.1,0.18352,1.5877
0.1,0.17519,1.5841
0.1,0.16686,1.5805
0.1,0.15852,1.5768
0.1,0.15019,1.5732
0.1,0.14186,1.5694
0.1,0.13353,1.5658
0.1,0.1252,1.562
0.1,0.11687,1.5581
0.1,0.10854,1.5543
0.1,0.10021,1.5504
0.1,0.091875,1.5464
0.1,0.083543,1.5423
0.1,0.075212,1.5385
0.1,0.066881,1.5344
0.1,0.05855,1.5304
0.1,0.050218,1.5261
0.1,0.041887,1.522
0.1,0.033556,1.5177
0.1,0.025224,1.5134
0.1,0.016893,1.5091
0.1,0.0085619,1.5046
0.1,0.00023065,1.5001
0.1,5.74E-06,1.4999
0.1,0,1.5006
0.5,30.007,2.6666
0.5,30.007,2.6709
0.5,29.965,2.6081
0.5,29.924,2.5788
0.5,29.882,2.5558
0.5,29.84,2.5377
0.5,29.799,2.5244
0.5,29.757,2.5138
0.5,29.715,2.5052
0.5,29.674,2.4984
0.5,29.632,2.4933
0.5,29.59,2.4885
0.5,29.549,2.4847
0.5,29.507,2.4813
0.5,29.465,2.4781
0.5,29.424,2.4756
0.5,29.382,2.4734
0.5,29.34,2.4707
0.5,29.299,2.4686
0.5,29.257,2.4668
0.5,29.215,2.465
0.5,29.174,2.4632
0.5,29.132,2.4617
0.5,29.09,2.4603
0.5,29.049,2.4589
0.5,29.007,2.4576
0.5,28.965,2.4562
0.5,28.924,2.4551
0.5,28.882,2.4538
0.5,28.84,2.4526
0.5,28.799,2.4513
0.5,28.757,2.4501
0.5,28.715,2.449
0.5,28.674,2.4479
0.5,28.632,2.4468
0.5,28.59,2.4456
0.5,28.549,2.4447
0.5,28.507,2.4436
0.5,28.465,2.4425
0.5,28.424,2.4413
0.5,28.382,2.4404
0.5,28.34,2.4393
0.5,28.299,2.4384
0.5,28.257,2.4373
0.5,28.215,2.4361
0.5,28.174,2.435
0.5,28.132,2.4341
0.5,28.09,2.4332
0.5,28.049,2.4321
0.5,28.007,2.4312
0.5,27.965,2.4303
0.5,27.924,2.4291
0.5,27.882,2.4282
0.5,27.84,2.4273
0.5,27.799,2.4262
0.5,27.757,2.4253
0.5,27.715,2.4244
0.5,27.674,2.4233
0.5,27.632,2.4224
0.5,27.59,2.4215
0.5,27.549,2.4206
0.5,27.507,2.4197
0.5,27.465,2.4188
0.5,27.424,2.4179
0.5,27.382,2.4167
0.5,27.34,2.4158
0.5,27.299,2.4152
0.5,27.257,2.414
0.5,27.215,2.4133
0.5,27.174,2.4124
0.5,27.132,2.4113
0.5,27.09,2.4106
0.5,27.049,2.4093
0.5,27.007,2.4086
0.5,26.965,2.4077
0.5,26.924,2.4068
0.5,26.882,2.4059
0.5,26.84,2.405
0.5,26.799,2.4041
0.5,26.757,2.4032
0.5,26.715,2.4025
0.5,26.674,2.4014
0.5,26.632,2.4005
0.5,26.59,2.3996
0.5,26.549,2.3987
0.5,26.507,2.3978
0.5,26.465,2.3969
0.5,26.424,2.396
0.5,26.382,2.3951
0.5,26.34,2.3942
0.5,26.299,2.3935
0.5,26.257,2.3924
0.5,26.215,2.3915
0.5,26.174,2.3908
0.5,26.132,2.3896
0.5,26.09,2.389
0.5,26.049,2.3881
0.5,26.007,2.3872
0.5,25.965,2.3863
0.5,25.924,2.3854
0.5,25.882,2.3842
0.5,25.84,2.3836
0.5,25.799,2.3829
0.5,25.757,2.382
0.5,25.715,2.3811
0.5,25.674,2.3802
0.5,25.632,2.3793
0.5,25.59,2.3781
0.5,25.549,2.3775
0.5,25.507,2.3766
0.5,25.465,2.3757
0.5,25.424,2.3748
0.5,25.382,2.3738
0.5,25.34,2.3729
0.5,25.299,2.372
0.5,25.257,2.3711
0.5,25.215,2.3705
0.5,25.174,2.3693
0.5,25.132,2.3687
0.5,25.09,2.3678
0.5,25.049,2.3666
0.5,25.007,2.3659
0.5,24.965,2.365
0.5,24.924,2.3641
0.5,24.882,2.3632
0.5,24.84,2.3623
0.5,24.799,2.3614
0.5,24.757,2.3605
0.5,24.715,2.3596
0.5,24.674,2.3587
0.5,24.632,2.3578
0.5,24.59,2.3569
0.5,24.549,2.356
0.5,24.507,2.3551
0.5,24.465,2.3542
0.5,24.424,2.3533
0.5,24.382,2.3524
0.5,24.34,2.3515
0.5,24.299,2.3506
0.5,24.257,2.3497
0.5,24.215,2.3488
0.5,24.174,2.3479
0.5,24.132,2.3468
0.5,24.09,2.3461
0.5,24.049,2.3452
0.5,24.007,2.3441
0.5,23.965,2.3434
0.5,23.924,2.3422
0.5,23.882,2.3413
0.5,23.84,2.3404
0.5,23.799,2.3395
0.5,23.757,2.3389
0.5,23.715,2.3377
0.5,23.674,2.3368
0.5,23.632,2.3357
0.5,23.59,2.335
0.5,23.548,2.3341
0.5,23.507,2.333
0.5,23.465,2.3321
0.5,23.423,2.3312
0.5,23.382,2.3301
0.5,23.34,2.3292
0.5,23.298,2.3283
0.5,23.257,2.3274
0.5,23.215,2.3264
0.5,23.173,2.3258
0.5,23.132,2.3244
0.5,23.09,2.3237
0.5,23.048,2.3226
0.5,23.007,2.3215
0.5,22.965,2.3206
0.5,22.923,2.3197
0.5,22.882,2.3188
0.5,22.84,2.3179
0.5,22.798,2.3167
0.5,22.757,2.3161
0.5,22.715,2.3149
0.5,22.673,2.3138
0.5,22.632,2.3129
0.5,22.59,2.3122
0.5,22.548,2.3111
0.5,22.507,2.31
0.5,22.465,2.3091
0.5,22.423,2.3082
0.5,22.382,2.3073
0.5,22.34,2.3061
0.5,22.298,2.305
0.5,22.257,2.3041
0.5,22.215,2.3034
0.5,22.173,2.3023
0.5,22.132,2.3014
0.5,22.09,2.3003
0.5,22.048,2.2994
0.5,22.007,2.2982
0.5,21.965,2.2976
0.5,21.923,2.2964
0.5,21.882,2.2953
0.5,21.84,2.2946
0.5,21.798,2.2935
0.5,21.757,2.2924
0.5,21.715,2.2915
0.5,21.673,2.2906
0.5,21.632,2.2897
0.5,21.59,2.2888
0.5,21.548,2.2879
0.5,21.507,2.2865
0.5,21.465,2.2856
0.5,21.423,2.2847
0.5,21.382,2.2836
0.5,21.34,2.2829
0.5,21.298,2.2818
0.5,21.257,2.2809
0.5,21.215,2.2797
0.5,21.173,2.2788
0.5,21.132,2.2777
0.5,21.09,2.277
0.5,21.048,2.2761
0.5,21.007,2.275
0.5,20.965,2.2741
0.5,20.923,2.273
0.5,20.882,2.2721
0.5,20.84,2.2711
0.5,20.798,2.2702
0.5,20.757,2.2691
0.5,20.715,2.2682
0.5,20.673,2.2673
0.5,20.632,2.2664
0.5,20.59,2.2655
0.5,20.548,2.2644
0.5,20.507,2.2635
0.5,20.465,2.2623
0.5,20.423,2.2617
0.5,20.382,2.2605
0.5,20.34,2.2596
0.5,20.298,2.2587
0.5,20.257,2.2578
0.5,20.215,2.2569
0.5,20.173,2.2558
0.5,20.132,2.2547
0.5,20.09,2.254
0.5,20.048,2.2531
0.5,20.007,2.2522
0.5,19.965,2.2513
0.5,19.923,2.2504
0.5,19.882,2.2493
0.5,19.84,2.2484
0.5,19.798,2.2474
0.5,19.757,2.2465
0.5,19.715,2.2456
0.5,19.673,2.2447
0.5,19.632,2.2438
0.5,19.59,2.2429
0.5,19.548,2.2418
0.5,19.507,2.2411
0.5,19.465,2.2402
0.5,19.423,2.2391
0.5,19.382,2.2382
0.5,19.34,2.2375
0.5,19.298,2.2366
0.5,19.257,2.2357
0.5,19.215,2.2348
0.5,19.173,2.2339
0.5,19.132,2.2328
0.5,19.09,2.2321
0.5,19.048,2.2312
0.5,19.007,2.2303
0.5,18.965,2.2296
0.5,18.923,2.2285
0.5,18.882,2.2276
0.5,18.84,2.2269
0.5,18.798,2.226
0.5,18.757,2.2251
0.5,18.715,2.2242
0.5,18.673,2.2235
0.5,18.632,2.2224
0.5,18.59,2.2217
0.5,18.548,2.2208
0.5,18.507,2.2199
0.5,18.465,2.2192
0.5,18.423,2.2183
0.5,18.382,2.2177
0.5,18.34,2.2168
0.5,18.298,2.2158
0.5,18.257,2.2152
0.5,18.215,2.2143
0.5,18.173,2.2134
0.5,18.132,2.2125
0.5,18.09,2.2118
0.5,18.048,2.2109
0.5,18.007,2.2102
0.5,17.965,2.2093
0.5,17.923,2.2086
0.5,17.882,2.2077
0.5,17.84,2.207
0.5,17.798,2.2061
0.5,17.757,2.2052
0.5,17.715,2.2046
0.5,17.673,2.2037
0.5,17.632,2.2032
0.5,17.59,2.2023
0.5,17.548,2.2016
0.5,17.507,2.2007
0.5,17.465,2.2
0.5,17.423,2.1994
0.5,17.382,2.1982
0.5,17.34,2.1978
0.5,17.298,2.1969
0.5,17.257,2.1962
0.5,17.215,2.1955
0.5,17.173,2.1949
0.5,17.132,2.1942
0.5,17.09,2.1933
0.5,17.048,2.1926
0.5,17.007,2.1919
0.5,16.965,2.191
0.5,16.923,2.1903
0.5,16.882,2.1897
0.5,16.84,2.189
0.5,16.798,2.1883
0.5,16.757,2.1876
0.5,16.715,2.187
0.5,16.673,2.1863
0.5,16.632,2.1854
0.5,16.59,2.1847
0.5,16.548,2.1842
0.5,16.507,2.1836
0.5,16.465,2.1827
0.5,16.423,2.1822
0.5,16.382,2.1815
0.5,16.34,2.1806
0.5,16.298,2.18
0.5,16.257,2.1795
0.5,16.215,2.1788
0.5,16.173,2.1779
0.5,16.132,2.1775
0.5,16.09,2.1768
0.5,16.048,2.1761
0.5,16.006,2.1754
0.5,15.965,2.175
0.5,15.923,2.1741
0.5,15.881,2.1736
0.5,15.84,2.173
0.5,15.798,2.1723
0.5,15.756,2.1716
0.5,15.715,2.1709
0.5,15.673,2.1703
0.5,15.631,2.1698
0.5,15.59,2.1691
0.5,15.548,2.1684
0.5,15.506,2.1678
0.5,15.465,2.1671
0.5,15.423,2.1666
0.5,15.381,2.166
0.5,15.34,2.1653
0.5,15.298,2.1648
0.5,15.256,2.1642
0.5,15.215,2.1635
0.5,15.173,2.1628
0.5,15.131,2.1624
0.5,15.09,2.1617
0.5,15.048,2.161
0.5,15.006,2.1605
0.5,14.965,2.1599
0.5,14.923,2.1592
0.5,14.881,2.1587
0.5,14.84,2.1581
0.5,14.798,2.1576
0.5,14.756,2.1569
0.5,14.715,2.1563
0.5,14.673,2.1556
0.5,14.631,2.1551
0.5,14.59,2.1545
0.5,14.548,2.154
0.5,14.506,2.1533
0.5,14.465,2.1529
0.5,14.423,2.1522
0.5,14.381,2.1517
0.5,14.34,2.1511
0.5,14.298,2.1506
0.5,14.256,2.1499
0.5,14.215,2.1493
0.5,14.173,2.1488
0.5,14.131,2.1481
0.5,14.09,2.1477
0.5,14.048,2.147
0.5,14.006,2.1466
0.5,13.965,2.1459
0.5,13.923,2.1454
0.5,13.881,2.1447
0.5,13.84,2.1441
0.5,13.798,2.1436
0.5,13.756,2.1432
0.5,13.715,2.1425
0.5,13.673,2.142
0.5,13.631,2.1416
0.5,13.59,2.1409
0.5,13.548,2.1402
0.5,13.506,2.1398
0.5,13.465,2.1393
0.5,13.423,2.1389
0.5,13.381,2.1382
0.5,13.34,2.1378
0.5,13.298,2.1371
0.5,13.256,2.1364
0.5,13.215,2.1359
0.5,13.173,2.1355
0.5,13.131,2.135
0.5,13.09,2.1344
0.5,13.048,2.1337
0.5,13.006,2.1332
0.5,12.965,2.1328
0.5,12.923,2.1321
0.5,12.881,2.1319
0.5,12.84,2.1312
0.5,12.798,2.1308
0.5,12.756,2.1301
0.5,12.715,2.1296
0.5,12.673,2.1292
0.5,12.631,2.1287
0.5,12.59,2.128
0.5,12.548,2.1274
0.5,12.506,2.1269
0.5,12.465,2.1265
0.5,12.423,2.1258
0.5,12.381,2.1253
0.5,12.34,2.1249
0.5,12.298,2.1242
0.5,12.256,2.1238
0.5,12.215,2.1233
0.5,12.173,2.1226
0.5,12.131,2.1222
0.5,12.09,2.1217
0.5,12.048,2.1213
0.5,12.006,2.1208
0.5,11.965,2.1201
0.5,11.923,2.1197
0.5,11.881,2.1192
0.5,11.84,2.1186
0.5,11.798,2.1181
0.5,11.756,2.1177
0.5,11.715,2.117
0.5,11.673,2.1165
0.5,11.631,2.1161
0.5,11.59,2.1154
0.5,11.548,2.115
0.5,11.506,2.1145
0.5,11.465,2.1141
0.5,11.423,2.1134
0.5,11.381,2.1129
0.5,11.34,2.1125
0.5,11.298,2.1118
0.5,11.256,2.1113
0.5,11.215,2.1107
0.5,11.173,2.11
0.5,11.131,2.1095
0.5,11.09,2.1091
0.5,11.048,2.1084
0.5,11.006,2.1082
0.5,10.965,2.1075
0.5,10.923,2.1068
0.5,10.881,2.1064
0.5,10.84,2.1059
0.5,10.798,2.1055
0.5,10.756,2.1048
0.5,10.715,2.1043
0.5,10.673,2.1037
0.5,10.631,2.103
0.5,10.59,2.1028
0.5,10.548,2.1021
0.5,10.506,2.1016
0.5,10.465,2.1012
0.5,10.423,2.1005
0.5,10.381,2.1001
0.5,10.34,2.0996
0.5,10.298,2.0989
0.5,10.256,2.0985
0.5,10.215,2.0978
0.5,10.173,2.0971
0.5,10.131,2.0967
0.5,10.09,2.0962
0.5,10.048,2.0958
0.5,10.006,2.0951
0.5,9.9646,2.0944
0.5,9.9229,2.094
0.5,9.8812,2.0935
0.5,9.8396,2.0928
0.5,9.7979,2.0924
0.5,9.7562,2.0917
0.5,9.7146,2.0913
0.5,9.6729,2.0908
0.5,9.6312,2.0901
0.5,9.5896,2.0897
0.5,9.5479,2.0888
0.5,9.5062,2.0885
0.5,9.4645,2.0879
0.5,9.4229,2.0874
0.5,9.3812,2.0867
0.5,9.3395,2.0863
0.5,9.2979,2.0856
0.5,9.2562,2.0852
0.5,9.2145,2.0845
0.5,9.1729,2.084
0.5,9.1312,2.0834
0.5,9.0895,2.0829
0.5,9.0479,2.0822
0.5,9.0062,2.0818
0.5,8.9645,2.0809
0.5,8.9229,2.0804
0.5,8.8812,2.08
0.5,8.8395,2.0793
0.5,8.7979,2.0786
0.5,8.7562,2.0782
0.5,8.7145,2.0775
0.5,8.6729,2.0768
0.5,8.6312,2.0764
0.5,8.5895,2.0757
0.5,8.5479,2.075
0.5,8.5062,2.0746
0.5,8.4645,2.0739
0.5,8.4229,2.0732
0.5,8.3812,2.0725
0.5,8.3395,2.0721
0.5,8.2978,2.0712
0.5,8.2562,2.0709
0.5,8.2145,2.07
0.5,8.1728,2.0694
0.5,8.1312,2.0689
0.5,8.0895,2.0682
0.5,8.0478,2.0676
0.5,8.0062,2.0669
0.5,7.9645,2.0664
0.5,7.9228,2.0657
0.5,7.8812,2.0651
0.5,7.8395,2.0644
0.5,7.7978,2.0637
0.5,7.7562,2.063
0.5,7.7145,2.0624
0.5,7.6728,2.0617
0.5,7.6312,2.061
0.5,7.5895,2.0603
0.5,7.5478,2.0597
0.5,7.5061,2.059
0.5,7.4645,2.0583
0.5,7.4228,2.0576
0.5,7.3811,2.0569
0.5,7.3395,2.0563
0.5,7.2978,2.0556
0.5,7.2561,2.0549
0.5,7.2145,2.054
0.5,7.1728,2.0536
0.5,7.1311,2.0529
0.5,7.0895,2.052
0.5,7.0478,2.0511
0.5,7.0061,2.0504
0.5,6.9645,2.0497
0.5,6.9228,2.049
0.5,6.8811,2.0481
0.5,6.8395,2.0477
0.5,6.7978,2.0468
0.5,6.7561,2.0461
0.5,6.7145,2.0452
0.5,6.6728,2.0445
0.5,6.6311,2.0439
0.5,6.5895,2.0432
0.5,6.5478,2.0425
0.5,6.5061,2.0416
0.5,6.4645,2.0409
0.5,6.4228,2.0402
0.5,6.3811,2.0393
0.5,6.3395,2.0387
0.5,6.2978,2.0378
0.5,6.2561,2.0369
0.5,6.2145,2.0362
0.5,6.1728,2.0353
0.5,6.1311,2.0346
0.5,6.0895,2.0337
0.5,6.0478,2.0328
0.5,6.0061,2.0319
0.5,5.9645,2.0312
0.5,5.9228,2.0303
0.5,5.8811,2.0296
0.5,5.8394,2.0285
0.5,5.7978,2.0278
0.5,5.7561,2.0269
0.5,5.7144,2.0262
0.5,5.6728,2.0253
0.5,5.6311,2.0244
0.5,5.5894,2.0235
0.5,5.5478,2.0226
0.5,5.5061,2.0217
0.5,5.4644,2.0208
0.5,5.4228,2.0199
0.5,5.3811,2.019
0.5,5.3394,2.0181
0.5,5.2978,2.0172
0.5,5.2561,2.0165
0.5,5.2144,2.0156
0.5,5.1728,2.0145
0.5,5.1311,2.0136
0.5,5.0894,2.0125
0.5,5.0478,2.0116
0.5,5.0061,2.0107
0.5,4.9644,2.0098
0.5,4.9228,2.0086
0.5,4.8811,2.0077
0.5,4.8395,2.0068
0.5,4.7978,2.0059
0.5,4.7561,2.0048
0.5,4.7145,2.0037
0.5,4.6728,2.0028
0.5,4.6312,2.0016
0.5,4.5895,2.0007
0.5,4.5478,1.9996
0.5,4.5062,1.9985
0.5,4.4645,1.9974
0.5,4.4229,1.9962
0.5,4.3812,1.9951
0.5,4.3395,1.9942
0.5,4.2979,1.9928
0.5,4.2562,1.9919
0.5,4.2145,1.9906
0.5,4.1729,1.9895
0.5,4.1312,1.9881
0.5,4.0895,1.987
0.5,4.0479,1.9861
0.5,4.0062,1.9847
0.5,3.9645,1.9834
0.5,3.9229,1.9822
0.5,3.8812,1.9811
0.5,3.8395,1.9797
0.5,3.7979,1.9786
0.5,3.7562,1.9773
0.5,3.7145,1.9759
0.5,3.6728,1.9746
0.5,3.6312,1.9734
0.5,3.5895,1.9718
0.5,3.5478,1.9705
0.5,3.5062,1.9691
0.5,3.4645,1.9678
0.5,3.4228,1.9664
0.5,3.3812,1.9649
0.5,3.3395,1.9635
0.5,3.2978,1.9617
0.5,3.2562,1.9603
0.5,3.2145,1.9588
0.5,3.1728,1.9572
0.5,3.1312,1.9556
0.5,3.0895,1.954
0.5,3.0478,1.9524
0.5,3.0062,1.9506
0.5,2.9645,1.9491
0.5,2.9229,1.9472
0.5,2.8812,1.9454
0.5,2.8395,1.9439
0.5,2.7979,1.9418
0.5,2.7562,1.9398
0.5,2.7145,1.938
0.5,2.6729,1.9362
0.5,2.6312,1.9339
0.5,2.5895,1.9323
0.5,2.5479,1.9301
0.5,2.5062,1.9281
0.5,2.4645,1.9258
0.5,2.4229,1.9233
0.5,2.3812,1.9211
0.5,2.3395,1.9188
0.5,2.2979,1.9163
0.5,2.2562,1.9141
0.5,2.2145,1.9116
0.5,2.1729,1.9089
0.5,2.1312,1.9062
0.5,2.0895,1.9035
0.5,2.0478,1.9007
0.5,2.0062,1.8978
0.5,1.9645,1.8947
0.5,1.9228,1.8919
0.5,1.8812,1.8886
0.5,1.8395,1.8852
0.5,1.7978,1.882
0.5,1.7562,1.8786
0.5,1.7145,1.875
0.5,1.6728,1.8714
0.5,1.6312,1.8673
0.5,1.5895,1.8637
0.5,1.5478,1.8594
0.5,1.5062,1.8554
0.5,1.4645,1.8509
0.5,1.4228,1.8464
0.5,1.3812,1.8416
0.5,1.3395,1.8366
0.5,1.2978,1.8315
0.5,1.2562,1.8263
0.5,1.2145,1.8211
0.5,1.1728,1.8152
0.5,1.1312,1.8096
0.5,1.0895,1.8032
0.5,1.0478,1.7969
0.5,1.0062,1.7904
0.5,0.9645,1.7834
0.5,0.92284,1.7764
0.5,0.88117,1.7687
0.5,0.83951,1.761
0.5,0.79784,1.7531
0.5,0.75617,1.7443
0.5,0.7145,1.736
0.5,0.67284,1.7265
0.5,0.63117,1.717
0.5,0.5895,1.7071
0.5,0.54783,1.6965
0.5,0.50616,1.6854
0.5,0.4645,1.6741
0.5,0.42283,1.6619
0.5,0.38116,1.6495
0.5,0.33949,1.636
0.5,0.29782,1.6224
0.5,0.25616,1.6078
0.5,0.21449,1.5924
0.5,0.17282,1.5762
0.5,0.13116,1.5592
0.5,0.089489,1.5414
0.5,0.047822,1.5227
0.5,0.006152,1.503
0.5,2.75E-05,1.4999
0.5,0,1.5008
1,29.172,2.672
1,29.088,2.5569
1,29.005,2.514
1,28.922,2.4878
1,28.838,2.4716
1,28.755,2.4607
1,28.672,2.4526
1,28.588,2.447
1,28.505,2.4425
1,28.422,2.4389
1,28.338,2.4357
1,28.255,2.4332
1,28.172,2.4305
1,28.088,2.428
1,28.005,2.426
1,27.922,2.4237
1,27.838,2.4217
1,27.755,2.4194
1,27.672,2.4174
1,27.588,2.4152
1,27.505,2.4131
1,27.422,2.4109
1,27.338,2.4086
1,27.255,2.4068
1,27.172,2.4048
1,27.088,2.4027
1,27.005,2.4005
1,26.922,2.3987
1,26.838,2.3966
1,26.755,2.3946
1,26.672,2.3928
1,26.588,2.391
1,26.505,2.389
1,26.422,2.3869
1,26.338,2.3851
1,26.255,2.3831
1,26.172,2.3815
1,26.088,2.3795
1,26.005,2.3777
1,25.922,2.3759
1,25.838,2.3741
1,25.755,2.372
1,25.672,2.3702
1,25.589,2.3684
1,25.505,2.3666
1,25.422,2.3646
1,25.339,2.363
1,25.255,2.361
1,25.172,2.3592
1,25.089,2.3574
1,25.005,2.3556
1,24.922,2.3538
1,24.839,2.352
1,24.755,2.3501
1,24.672,2.3483
1,24.589,2.3468
1,24.505,2.3447
1,24.422,2.3429
1,24.339,2.3411
1,24.255,2.3393
1,24.172,2.3375
1,24.089,2.3357
1,24.005,2.3337
1,23.922,2.3319
1,23.839,2.3301
1,23.755,2.3283
1,23.672,2.3267
1,23.589,2.3244
1,23.505,2.3226
1,23.422,2.321
1,23.339,2.319
1,23.255,2.3172
1,23.172,2.3154
1,23.089,2.3134
1,23.005,2.3116
1,22.922,2.3097
1,22.839,2.3077
1,22.755,2.3059
1,22.672,2.3041
1,22.589,2.3021
1,22.505,2.3003
1,22.422,2.2982
1,22.339,2.2964
1,22.255,2.2944
1,22.172,2.2926
1,22.089,2.2908
1,22.005,2.2885
1,21.922,2.2867
1,21.839,2.2847
1,21.755,2.2827
1,21.672,2.2809
1,21.589,2.2788
1,21.505,2.2768
1,21.422,2.275
1,21.339,2.2732
1,21.255,2.2711
1,21.172,2.2691
1,21.089,2.2673
1,21.005,2.2653
1,20.922,2.2632
1,20.839,2.2612
1,20.755,2.2594
1,20.672,2.2574
1,20.589,2.2553
1,20.505,2.2533
1,20.422,2.2515
1,20.339,2.2495
1,20.255,2.2477
1,20.172,2.2456
1,20.089,2.2438
1,20.005,2.2418
1,19.922,2.2395
1,19.839,2.2377
1,19.755,2.2359
1,19.672,2.2339
1,19.589,2.2319
1,19.505,2.2301
1,19.422,2.2283
1,19.339,2.2262
1,19.255,2.2244
1,19.172,2.2224
1,19.089,2.2206
1,19.005,2.2188
1,18.922,2.2168
1,18.839,2.2149
1,18.755,2.2129
1,18.672,2.2113
1,18.589,2.2093
1,18.505,2.2075
1,18.422,2.2057
1,18.339,2.2041
1,18.255,2.2021
1,18.172,2.2005
1,18.089,2.1987
1,18.005,2.1969
1,17.922,2.1951
1,17.839,2.1933
1,17.755,2.1917
1,17.672,2.1899
1,17.589,2.1881
1,17.505,2.1865
1,17.422,2.1847
1,17.339,2.1831
1,17.255,2.1815
1,17.172,2.1797
1,17.089,2.1782
1,17.005,2.1766
1,16.922,2.175
1,16.839,2.1734
1,16.755,2.1718
1,16.672,2.1703
1,16.589,2.1687
1,16.505,2.1671
1,16.422,2.1657
1,16.339,2.1639
1,16.256,2.1628
1,16.172,2.1612
1,16.089,2.1596
1,16.006,2.1583
1,15.922,2.1567
1,15.839,2.1554
1,15.756,2.154
1,15.672,2.1524
1,15.589,2.1511
1,15.506,2.1497
1,15.422,2.1484
1,15.339,2.1468
1,15.256,2.1457
1,15.172,2.1441
1,15.089,2.1429
1,15.006,2.1414
1,14.922,2.1402
1,14.839,2.1389
1,14.756,2.1375
1,14.672,2.1362
1,14.589,2.135
1,14.506,2.1337
1,14.422,2.1323
1,14.339,2.131
1,14.256,2.1301
1,14.172,2.1287
1,14.089,2.1274
1,14.006,2.1262
1,13.922,2.1249
1,13.839,2.1238
1,13.756,2.1224
1,13.672,2.1213
1,13.589,2.1201
1,13.506,2.1188
1,13.422,2.1177
1,13.339,2.1165
1,13.256,2.1154
1,13.172,2.1143
1,13.089,2.1129
1,13.006,2.1118
1,12.922,2.1104
1,12.839,2.1093
1,12.756,2.1082
1,12.672,2.1073
1,12.589,2.1059
1,12.506,2.1048
1,12.422,2.1034
1,12.339,2.1023
1,12.256,2.1012
1,12.172,2.1003
1,12.089,2.0989
1,12.006,2.0978
1,11.922,2.0967
1,11.839,2.0955
1,11.756,2.0944
1,11.672,2.0933
1,11.589,2.0922
1,11.506,2.091
1,11.423,2.0897
1,11.339,2.0885
1,11.256,2.0876
1,11.173,2.0865
1,11.089,2.0854
1,11.006,2.0843
1,10.923,2.0829
1,10.839,2.082
1,10.756,2.0806
1,10.673,2.0797
1,10.589,2.0784
1,10.506,2.0775
1,10.423,2.0764
1,10.339,2.075
1,10.256,2.0739
1,10.173,2.0725
1,10.089,2.0716
1,10.006,2.0703
1,9.9226,2.0691
1,9.8393,2.068
1,9.756,2.0669
1,9.6726,2.0657
1,9.5893,2.0644
1,9.506,2.0635
1,9.4227,2.0621
1,9.3393,2.061
1,9.256,2.0599
1,9.1727,2.0588
1,9.0893,2.0572
1,9.006,2.0565
1,8.9227,2.0549
1,8.8394,2.0536
1,8.7561,2.0527
1,8.6727,2.0515
1,8.5894,2.0499
1,8.5061,2.0488
1,8.4228,2.0475
1,8.3394,2.0463
1,8.2561,2.045
1,8.1728,2.0436
1,8.0894,2.0427
1,8.0061,2.0411
1,7.9228,2.04
1,7.8394,2.0384
1,7.7561,2.0371
1,7.6728,2.0357
1,7.5895,2.0346
1,7.5061,2.0332
1,7.4228,2.0319
1,7.3395,2.0305
1,7.2561,2.0292
1,7.1728,2.0276
1,7.0895,2.026
1,7.0062,2.0247
1,6.9228,2.0235
1,6.8395,2.022
1,6.7562,2.0204
1,6.6728,2.0188
1,6.5895,2.0174
1,6.5062,2.0156
1,6.4229,2.0143
1,6.3395,2.0127
1,6.2562,2.0111
1,6.1729,2.0095
1,6.0895,2.0077
1,6.0062,2.0062
1,5.9229,2.0046
1,5.8396,2.0028
1,5.7562,2.0012
1,5.6729,1.9994
1,5.5896,1.9976
1,5.5062,1.9958
1,5.4229,1.9942
1,5.3396,1.9922
1,5.2563,1.9904
1,5.1729,1.9886
1,5.0896,1.9865
1,5.0063,1.9845
1,4.923,1.9825
1,4.8396,1.9807
1,4.7563,1.9786
1,4.673,1.9766
1,4.5897,1.9743
1,4.5063,1.9723
1,4.423,1.97
1,4.3397,1.9678
1,4.2564,1.9655
1,4.173,1.9633
1,4.0897,1.9608
1,4.0064,1.9583
1,3.923,1.9558
1,3.8397,1.9533
1,3.7564,1.9506
1,3.673,1.9484
1,3.5897,1.9457
1,3.5064,1.943
1,3.4231,1.94
1,3.3397,1.9373
1,3.2564,1.9339
1,3.1731,1.9308
1,3.0897,1.9278
1,3.0064,1.9242
1,2.9231,1.9213
1,2.8397,1.9177
1,2.7564,1.9138
1,2.6731,1.91
1,2.5897,1.9059
1,2.5064,1.9021
1,2.4231,1.8976
1,2.3398,1.8933
1,2.2564,1.8886
1,2.1731,1.8836
1,2.0898,1.8782
1,2.0065,1.8728
1,1.9231,1.8671
1,1.8398,1.8606
1,1.7565,1.8543
1,1.6732,1.8475
1,1.5898,1.84
1,1.5065,1.8321
1,1.4232,1.8238
1,1.3398,1.815
1,1.2565,1.805
1,1.1732,1.7949
1,1.0899,1.7836
1,1.0065,1.7714
1,0.9232,1.7581
1,0.83987,1.7439
1,0.75654,1.7283
1,0.67322,1.7116
1,0.58989,1.6931
1,0.50656,1.6732
1,0.42323,1.6509
1,0.33991,1.6265
1,0.25658,1.6003
1,0.17326,1.5708
1,0.089928,1.5385
1,0.0066031,1.5028
1,5.51E-05,1.4999
1,0,1.5008
2,28.014,2.6695
2,27.848,2.4741
2,27.681,2.4278
2,27.514,2.4066
2,27.348,2.3948
2,27.181,2.3869
2,27.014,2.3808
2,26.848,2.3754
2,26.681,2.3702
2,26.514,2.3653
2,26.348,2.3605
2,26.181,2.3558
2,26.014,2.3513
2,25.848,2.3465
2,25.681,2.3425
2,25.514,2.3382
2,25.348,2.3339
2,25.181,2.3296
2,25.014,2.3255
2,24.848,2.3217
2,24.681,2.3176
2,24.514,2.3136
2,24.348,2.3097
2,24.181,2.3057
2,24.014,2.3018
2,23.848,2.298
2,23.681,2.2939
2,23.514,2.2899
2,23.348,2.286
2,23.181,2.2824
2,23.014,2.2786
2,22.848,2.2745
2,22.681,2.2707
2,22.514,2.2666
2,22.348,2.263
2,22.181,2.259
2,22.014,2.2551
2,21.848,2.2511
2,21.681,2.247
2,21.514,2.2432
2,21.348,2.2393
2,21.181,2.2353
2,21.014,2.2312
2,20.848,2.2274
2,20.681,2.2235
2,20.514,2.2195
2,20.348,2.2156
2,20.181,2.2116
2,20.014,2.2073
2,19.848,2.2032
2,19.681,2.1996
2,19.514,2.1955
2,19.348,2.1917
2,19.181,2.1874
2,19.014,2.1836
2,18.848,2.1797
2,18.681,2.1757
2,18.514,2.1721
2,18.348,2.168
2,18.181,2.1644
2,18.014,2.1603
2,17.848,2.1565
2,17.681,2.1529
2,17.514,2.149
2,17.348,2.1457
2,17.181,2.142
2,17.015,2.1384
2,16.848,2.1348
2,16.681,2.1317
2,16.515,2.1278
2,16.348,2.1244
2,16.181,2.1213
2,16.015,2.1179
2,15.848,2.1147
2,15.681,2.1113
2,15.515,2.1082
2,15.348,2.105
2,15.181,2.1019
2,15.015,2.0989
2,14.848,2.0958
2,14.681,2.0928
2,14.515,2.0899
2,14.348,2.087
2,14.181,2.084
2,14.015,2.0813
2,13.848,2.0784
2,13.681,2.0755
2,13.515,2.0727
2,13.348,2.0698
2,13.181,2.0671
2,13.015,2.0644
2,12.848,2.0619
2,12.681,2.0592
2,12.515,2.0565
2,12.348,2.0536
2,12.181,2.0513
2,12.015,2.0484
2,11.848,2.0459
2,11.681,2.0432
2,11.515,2.0407
2,11.348,2.038
2,11.181,2.0353
2,11.015,2.0328
2,10.848,2.0301
2,10.681,2.0274
2,10.515,2.0249
2,10.348,2.0222
2,10.181,2.0195
2,10.015,2.017
2,9.848,2.0143
2,9.6814,2.0116
2,9.5147,2.0089
2,9.348,2.0062
2,9.1814,2.0034
2,9.0147,2.0005
2,8.848,1.9976
2,8.6814,1.9949
2,8.5147,1.9922
2,8.348,1.9895
2,8.1814,1.9865
2,8.0147,1.9834
2,7.848,1.9804
2,7.6814,1.9775
2,7.5147,1.9743
2,7.348,1.9712
2,7.1814,1.968
2,7.0147,1.9651
2,6.848,1.9617
2,6.6814,1.9583
2,6.5147,1.9549
2,6.3481,1.9513
2,6.1814,1.9479
2,6.0147,1.9445
2,5.8481,1.9407
2,5.6814,1.9366
2,5.5148,1.9333
2,5.3481,1.9292
2,5.1814,1.9251
2,5.0148,1.9213
2,4.8481,1.9168
2,4.6815,1.9123
2,4.5148,1.908
2,4.3481,1.903
2,4.1815,1.8983
2,4.0148,1.8931
2,3.8481,1.8879
2,3.6815,1.8822
2,3.5148,1.8768
2,3.3481,1.8705
2,3.1815,1.864
2,3.0148,1.8572
2,2.8482,1.8502
2,2.6815,1.8425
2,2.5148,1.8342
2,2.3482,1.8254
2,2.1815,1.8159
2,2.0148,1.8055
2,1.8482,1.7942
2,1.6815,1.7818
2,1.5149,1.768
2,1.3482,1.7522
2,1.1815,1.7348
2,1.0149,1.715
2,0.84821,1.6924
2,0.68155,1.666
2,0.51489,1.6353
2,0.34823,1.5994
2,0.18157,1.5561
2,0.01491,1.5051
2,0.00011383,1.4999
2,0,1.5006
3,24.715,2.6704
3,24.465,2.41
3,24.215,2.3673
3,23.965,2.3481
3,23.715,2.3348
3,23.465,2.324
3,23.215,2.3145
3,22.965,2.3055
3,22.715,2.2971
3,22.465,2.2888
3,22.215,2.2811
3,21.965,2.2736
3,21.715,2.2662
3,21.465,2.259
3,21.215,2.2517
3,20.965,2.2447
3,20.715,2.2375
3,20.465,2.2307
3,20.215,2.2237
3,19.965,2.217
3,19.715,2.2102
3,19.465,2.2037
3,19.215,2.1967
3,18.965,2.1901
3,18.715,2.1831
3,18.465,2.1768
3,18.215,2.1703
3,17.965,2.1635
3,17.715,2.1569
3,17.465,2.1506
3,17.215,2.1443
3,16.965,2.138
3,16.715,2.1317
3,16.465,2.1258
3,16.215,2.1195
3,15.965,2.1136
3,15.715,2.1077
3,15.465,2.1019
3,15.215,2.0964
3,14.965,2.0906
3,14.715,2.0852
3,14.465,2.0797
3,14.215,2.0746
3,13.965,2.0694
3,13.715,2.0642
3,13.465,2.059
3,13.215,2.054
3,12.965,2.049
3,12.715,2.0443
3,12.465,2.0393
3,12.215,2.0344
3,11.965,2.0301
3,11.715,2.0253
3,11.465,2.0204
3,11.215,2.0161
3,10.965,2.0113
3,10.715,2.0066
3,10.465,2.0021
3,10.215,1.9976
3,9.965,1.9931
3,9.715,1.9879
3,9.4651,1.9831
3,9.2151,1.9786
3,8.9651,1.9739
3,8.7151,1.9691
3,8.4651,1.9639
3,8.2151,1.959
3,7.9651,1.954
3,7.7151,1.9491
3,7.4651,1.9436
3,7.2151,1.9384
3,6.9651,1.9328
3,6.7151,1.9272
3,6.4651,1.9217
3,6.2151,1.9159
3,5.9652,1.9096
3,5.7152,1.9035
3,5.4652,1.8971
3,5.2152,1.8904
3,4.9652,1.8836
3,4.7152,1.8764
3,4.4652,1.8689
3,4.2152,1.8612
3,3.9652,1.8527
3,3.7152,1.8439
3,3.4652,1.8346
3,3.2153,1.8242
3,2.9653,1.8134
3,2.7153,1.8014
3,2.4653,1.7888
3,2.2153,1.7741
3,1.9653,1.7583
3,1.7153,1.7403
3,1.4653,1.7195
3,1.2153,1.6956
3,0.96533,1.6678
3,0.71534,1.6349
3,0.46535,1.5958
3,0.21537,1.5489
3,0.00016607,1.4999
3,0,1.5008
4,17.715,2.6686
4,17.382,2.359
4,17.049,2.3176
4,16.715,2.2933
4,16.382,2.2745
4,16.049,2.2583
4,15.715,2.2436
4,15.382,2.2296
4,15.049,2.2168
4,14.715,2.2041
4,14.382,2.1917
4,14.049,2.1793
4,13.716,2.1671
4,13.382,2.1551
4,13.049,2.1432
4,12.716,2.1317
4,12.382,2.1199
4,12.049,2.1084
4,11.716,2.0976
4,11.382,2.0867
4,11.049,2.0759
4,10.716,2.0657
4,10.382,2.0558
4,10.049,2.0461
4,9.7156,2.0366
4,9.3822,2.0274
4,9.0489,2.0183
4,8.7156,2.0095
4,8.3822,2.0007
4,8.0489,1.9922
4,7.7156,1.9836
4,7.3822,1.9752
4,7.0489,1.9664
4,6.7156,1.9583
4,6.3823,1.9493
4,6.0489,1.9409
4,5.7156,1.9314
4,5.3823,1.9222
4,5.0489,1.9125
4,4.7156,1.9021
4,4.3823,1.8917
4,4.049,1.8802
4,3.7156,1.8682
4,3.3823,1.8549
4,3.049,1.8409
4,2.7156,1.8249
4,2.3823,1.8075
4,2.049,1.7872
4,1.7157,1.7633
4,1.3823,1.7351
4,1.049,1.6996
4,0.71567,1.6549
4,0.38234,1.5956
4,0.049014,1.5148
4,0.00022154,1.4999
4,0,1.5008
5,11.681,2.6689
5,11.265,2.3156
5,10.848,2.2684
5,10.431,2.2348
5,10.015,2.207
5,9.5979,2.1827
5,9.1813,2.1596
5,8.7646,2.1373
5,8.3479,2.1156
5,7.9313,2.0942
5,7.5146,2.0734
5,7.098,2.054
5,6.6813,2.0341
5,6.2646,2.0161
5,5.848,1.9983
5,5.4313,1.9809
5,5.0147,1.9637
5,4.598,1.947
5,4.1813,1.9299
5,3.7647,1.9123
5,3.348,1.8935
5,2.9314,1.873
5,2.5147,1.8502
5,2.0981,1.8238
5,1.6814,1.7929
5,1.2647,1.7536
5,0.84808,1.7014
5,0.43143,1.6258
5,0.014772,1.5055
5,0.00027622,1.4999
5,0,1.5008